FlightNumber,MarketingAirline,Restrictions
2784,Airways,Business
2814,BlueSkyAirlines,None
2190,CrystalSkyAirways,None
1405,SkyHavenAirways,StandByOnly
2872,PeakAir,Business
1600,EvergreenAirlines,None
2959,GoldenEagle,Business
2149,HorizonWings,StandByOnly
2908,PeakAir,None
2843,CrystalSkyAirways,Business
1174,BlueSkyAirlines,None
1287,StarJetAirlines,None
1659,OceanAirways,StandByOnly
2599,SummitAirlines,Business
2521,OceanAirways,StandByOnly
1331,PacificBreezeAirlines,StandByOnly
2195,SummitAirlines,None
2024,SwiftWings,None
3002,SilverArrow,Business
1996,WingStar,None
1758,HorizonWings,Business
1052,PeakAir,Business
2546,PacificBreezeAirlines,StandByOnly
2895,PeakAir,None
2851,EvergreenAirlines,None
1117,AeroLink,StandByOnly
2668,SwiftWings,None
1176,PacificBreezeAirlines,Business
1848,PeakAir,None
2545,SunAirInternational,StandByOnly
1224,AeroLink,Business
1117,EvergreenAirlines,StandByOnly
2616,EvergreenAirlines,None
2343,Express,Business
2730,HorizonWings,None
2070,SunAirInternational,Business
1982,AirWave,Business
1029,SwiftWings,StandByOnly
2090,AirLuxe,StandByOnly
1115,GoldenEagle,StandByOnly
1766,GoldenEagle,Business
3058,BlueSkyAirlines,StandByOnly
1908,SwiftWings,None
2953,WingStar,Business
1159,AeroLink,Business
1894,OceanAirways,Business
2976,PacificBreezeAirlines,StandByOnly
1547,WingStar,None
2570,CrystalSkyAirways,StandByOnly
2164,GoldenEagle,Business
1224,Airways,Business
2808,SkyHavenAirways,Business
2886,Airways,Business
2903,UnityAirways,None
2550,StarJetAirlines,Business
2337,SummitAirlines,None
1388,Airways,Business
1626,PacificBreezeAirlines,Business
1413,BlueSkyAirlines,StandByOnly
1452,CrystalSkyAirways,Business
2405,SwiftWings,Business
2046,Express,Business
2293,UnityAirways,Business
1508,AeroLink,Business
2058,Airways,Business
1392,PeakAir,Business
2483,UnityAirways,StandByOnly
2530,OceanAirways,Business
1666,Airways,StandByOnly
1360,HorizonWings,StandByOnly
2859,AirLuxe,None
1768,CrystalSkyAirways,Business
2931,CrystalSkyAirways,None
2328,Airways,StandByOnly
1279,Airways,None
3052,StarJetAirlines,Business
1635,WingStar,Business
1394,Airways,Business
2301,AeroLink,StandByOnly
1817,StarJetAirlines,Business
2918,SwiftWings,None
1857,SunAirInternational,None
2079,SummitAirlines,StandByOnly
1817,AeroLink,None
2957,BlueSkyAirlines,Business
1539,SilverArrow,Business
1075,EvergreenAirlines,StandByOnly
2986,AirLuxe,None
2048,PeakAir,None
3049,SunAirInternational,None
1904,EvergreenAirlines,StandByOnly
2310,UnityAirways,None
1369,CrystalSkyAirways,None
2247,PeakAir,StandByOnly
2887,PacificBreezeAirlines,StandByOnly
2643,MirageAir,StandByOnly
2490,PacificBreezeAirlines,StandByOnly
1781,AirLuxe,Business
1801,OceanAirways,StandByOnly
2372,CrystalSkyAirways,StandByOnly
2683,HorizonWings,StandByOnly
1609,AirLuxe,Business
1851,WingStar,None
2695,AirLuxe,Business
1958,PacificBreezeAirlines,StandByOnly
3064,Airways,StandByOnly
2036,PacificBreezeAirlines,None
3077,AirWave,StandByOnly
2224,SilverArrow,None
2393,BlueSkyAirlines,Business
2185,AirWave,None
1478,BlueSkyAirlines,None
2349,SkyHavenAirways,StandByOnly
2153,EvergreenAirlines,None
2012,OceanAirways,Business
1629,SkyHavenAirways,StandByOnly
2919,PacificBreezeAirlines,None
2127,SilverArrow,None
2449,BlueSkyAirlines,StandByOnly
2420,OceanAirways,None
2902,WingStar,StandByOnly
2115,SunAirInternational,Business
1909,AirLuxe,None
2245,UnityAirways,StandByOnly
1551,EvergreenAirlines,StandByOnly
1359,SwiftWings,StandByOnly
2763,GoldenEagle,Business
2495,UnityAirways,None
2337,Airways,None
2232,HorizonWings,Business
1511,EvergreenAirlines,StandByOnly
2580,Express,StandByOnly
2323,SummitAirlines,None
2107,AeroLink,None
1368,UnityAirways,StandByOnly
2191,BlueSkyAirlines,Business
1814,SwiftWings,None
2784,BlueSkyAirlines,StandByOnly
1880,GoldenEagle,Business
1640,BlueSkyAirlines,None
1878,SkyHavenAirways,Business
2452,UnityAirways,StandByOnly
2648,SunAirInternational,StandByOnly
2011,PacificBreezeAirlines,StandByOnly
2902,Express,StandByOnly
2817,GoldenEagle,Business
1055,AirWave,StandByOnly
2781,OceanAirways,StandByOnly
1965,AeroLink,StandByOnly
1830,SkyHavenAirways,StandByOnly
2737,EvergreenAirlines,None
1034,AeroLink,Business
1253,BlueSkyAirlines,StandByOnly
1659,MirageAir,Business
2038,MirageAir,StandByOnly
2336,WingStar,None
1540,MirageAir,None
2644,SwiftWings,None
2093,WingStar,Business
1732,PeakAir,StandByOnly
1468,UnityAirways,StandByOnly
2886,WingStar,Business
1368,WingStar,None
1060,AeroLink,None
2640,StarJetAirlines,Business
1782,AirWave,None
1035,SunAirInternational,StandByOnly
2677,MirageAir,None
1476,HorizonWings,StandByOnly
2857,CrystalSkyAirways,StandByOnly
1647,SwiftWings,None
2942,CrystalSkyAirways,None
2119,HorizonWings,StandByOnly
3021,SilverArrow,None
2981,Express,Business
1185,Express,Business
1770,PeakAir,StandByOnly
2757,SilverArrow,Business
2875,SwiftWings,None
1076,OceanAirways,Business
2141,SwiftWings,StandByOnly
1268,AirLuxe,None
1141,BlueSkyAirlines,StandByOnly
2550,PeakAir,Business
1661,GoldenEagle,StandByOnly
2244,AirWave,Business
1512,BlueSkyAirlines,StandByOnly
3005,StarJetAirlines,StandByOnly
1279,Express,StandByOnly
1195,BlueSkyAirlines,None
2253,UnityAirways,StandByOnly
2140,Airways,StandByOnly
1896,AeroLink,None
1647,UnityAirways,None
2841,BlueSkyAirlines,StandByOnly
1672,SummitAirlines,StandByOnly
2258,AeroLink,StandByOnly
2531,CrystalSkyAirways,Business
2341,SwiftWings,None
1729,AeroLink,None
2890,AeroLink,None
2888,UnityAirways,Business
2893,EvergreenAirlines,StandByOnly
3032,GoldenEagle,None
2573,PeakAir,StandByOnly
1068,Airways,StandByOnly
2242,PacificBreezeAirlines,Business
2060,AirLuxe,Business
1856,SummitAirlines,StandByOnly
1390,AeroLink,Business
1869,AeroLink,StandByOnly
2285,PeakAir,None
1100,SwiftWings,None
2020,SkyHavenAirways,Business
2643,AirLuxe,Business
1039,AeroLink,Business
2581,PacificBreezeAirlines,StandByOnly
1863,AirLuxe,StandByOnly
1986,PacificBreezeAirlines,None
2776,Airways,None
1870,MirageAir,StandByOnly
2081,Airways,None
2262,PacificBreezeAirlines,StandByOnly
2609,AirWave,None
2277,GoldenEagle,Business
3003,HorizonWings,StandByOnly
2257,AirLuxe,None
1916,SummitAirlines,None
2267,WingStar,None
1682,Express,None
2505,HorizonWings,Business
1086,GoldenEagle,None
1379,MirageAir,None
2338,OceanAirways,None
1996,BlueSkyAirlines,None
1812,PeakAir,StandByOnly
1484,Express,StandByOnly
2887,SunAirInternational,None
2941,GoldenEagle,None
2807,BlueSkyAirlines,None
1470,SunAirInternational,Business
1488,AeroLink,None
1518,HorizonWings,Business
1535,GoldenEagle,Business
2081,SwiftWings,Business
2741,PeakAir,StandByOnly
2234,AeroLink,StandByOnly
1992,Express,Business
2730,HorizonWings,StandByOnly
1706,SilverArrow,None
2763,StarJetAirlines,Business
2729,GoldenEagle,None
1914,PeakAir,Business
2811,GoldenEagle,None
1057,CrystalSkyAirways,None
2282,Express,StandByOnly
2852,SkyHavenAirways,Business
2602,AirWave,Business
1359,SilverArrow,None
1903,StarJetAirlines,StandByOnly
2438,GoldenEagle,None
2972,WingStar,Business
1444,OceanAirways,Business
2044,EvergreenAirlines,Business
2781,Express,None
1812,SkyHavenAirways,StandByOnly
2640,AirLuxe,StandByOnly
2393,SwiftWings,Business
2631,UnityAirways,StandByOnly
2832,PeakAir,None
1521,SummitAirlines,None
1494,BlueSkyAirlines,None
1810,SilverArrow,StandByOnly
1823,AirLuxe,StandByOnly
1995,SunAirInternational,Business
1606,EvergreenAirlines,Business
2739,SilverArrow,None
1679,SunAirInternational,None
1957,SummitAirlines,StandByOnly
1852,GoldenEagle,Business
2870,SkyHavenAirways,Business
1373,UnityAirways,StandByOnly
2406,SummitAirlines,StandByOnly
1567,EvergreenAirlines,None
2778,SummitAirlines,StandByOnly
2402,GoldenEagle,None
1971,UnityAirways,None
2971,HorizonWings,None
2278,SunAirInternational,StandByOnly
2281,SwiftWings,None
1146,PeakAir,Business
2460,SwiftWings,StandByOnly
2779,UnityAirways,StandByOnly
1225,AeroLink,Business
1521,Airways,StandByOnly
2037,UnityAirways,Business
1695,UnityAirways,StandByOnly
1197,SunAirInternational,Business
1626,SwiftWings,Business
1120,CrystalSkyAirways,Business
2181,AeroLink,StandByOnly
2559,MirageAir,None
2564,HorizonWings,None
2784,EvergreenAirlines,StandByOnly
1075,SwiftWings,Business
2492,SummitAirlines,None
1784,SilverArrow,None
1023,AirWave,None
2613,GoldenEagle,StandByOnly
2030,GoldenEagle,Business
2911,SummitAirlines,None
2504,Express,Business
1258,PacificBreezeAirlines,None
2498,Express,StandByOnly
1082,PeakAir,StandByOnly
2892,MirageAir,None
1812,MirageAir,None
1376,SilverArrow,StandByOnly
1309,EvergreenAirlines,StandByOnly
1299,UnityAirways,StandByOnly
2342,BlueSkyAirlines,None
1424,CrystalSkyAirways,None
1968,PeakAir,None
2391,SwiftWings,Business
3005,PeakAir,None
1804,AirWave,None
2650,WingStar,None
1138,UnityAirways,None
2014,SilverArrow,Business
2850,SkyHavenAirways,StandByOnly
1056,MirageAir,StandByOnly
1331,SummitAirlines,StandByOnly
1338,MirageAir,None
1574,UnityAirways,Business
1256,PacificBreezeAirlines,None
1646,CrystalSkyAirways,StandByOnly
1455,SkyHavenAirways,StandByOnly
2608,HorizonWings,None
2137,SkyHavenAirways,Business
1811,MirageAir,StandByOnly
3004,AeroLink,None
2753,WingStar,Business
2889,AirLuxe,None
1444,AirWave,Business
2459,MirageAir,None
1171,EvergreenAirlines,StandByOnly
2797,OceanAirways,StandByOnly
1386,Express,Business
1998,GoldenEagle,Business
1237,SilverArrow,StandByOnly
1527,SwiftWings,None
1288,SilverArrow,None
1704,OceanAirways,StandByOnly
2695,OceanAirways,StandByOnly
2409,Express,Business
2613,UnityAirways,StandByOnly
1896,EvergreenAirlines,None
1851,SummitAirlines,None
2200,EvergreenAirlines,Business
2300,AirLuxe,None
3002,UnityAirways,None
2505,StarJetAirlines,Business
2054,SwiftWings,None
1009,UnityAirways,Business
1549,AirLuxe,None
1164,OceanAirways,Business
1021,AeroLink,None
3098,Airways,StandByOnly
1023,SwiftWings,Business
2679,OceanAirways,Business
1690,OceanAirways,StandByOnly
3042,HorizonWings,Business
1330,SummitAirlines,StandByOnly
1691,SwiftWings,StandByOnly
1479,AeroLink,None
2141,BlueSkyAirlines,Business
1894,Express,None
2620,CrystalSkyAirways,Business
1061,UnityAirways,None
1099,GoldenEagle,StandByOnly
2205,PacificBreezeAirlines,StandByOnly
2207,OceanAirways,Business
2841,WingStar,StandByOnly
1459,AirWave,None
2696,PacificBreezeAirlines,None
2834,SummitAirlines,None
2374,PeakAir,StandByOnly
2875,Express,Business
2333,BlueSkyAirlines,StandByOnly
2812,WingStar,StandByOnly
2863,SunAirInternational,None
1386,SummitAirlines,Business
2530,SwiftWings,None
1157,WingStar,StandByOnly
1031,HorizonWings,None
2409,SwiftWings,Business
1492,Express,None
1087,CrystalSkyAirways,StandByOnly
1769,AeroLink,None
2337,OceanAirways,Business
2932,AirLuxe,None
1356,SunAirInternational,Business
2561,SilverArrow,None
2203,AeroLink,StandByOnly
1225,SwiftWings,Business
3028,BlueSkyAirlines,StandByOnly
1172,StarJetAirlines,StandByOnly
2211,MirageAir,Business
1525,CrystalSkyAirways,StandByOnly
1238,SkyHavenAirways,None
2902,GoldenEagle,Business
2775,PeakAir,Business
2706,SunAirInternational,None
2362,SkyHavenAirways,None
2108,AeroLink,None
1161,SkyHavenAirways,StandByOnly
2037,WingStar,Business
2576,HorizonWings,Business
2200,Express,Business
1502,UnityAirways,Business
2430,OceanAirways,StandByOnly
1115,SkyHavenAirways,Business
2009,StarJetAirlines,StandByOnly
2682,SwiftWings,Business
2076,SkyHavenAirways,None
2319,BlueSkyAirlines,StandByOnly
2065,Express,StandByOnly
2205,SilverArrow,Business
2924,CrystalSkyAirways,Business
1881,SummitAirlines,None
1085,SwiftWings,Business
2783,CrystalSkyAirways,None
2555,Express,StandByOnly
2212,SunAirInternational,None
1233,PacificBreezeAirlines,Business
1206,OceanAirways,Business
2365,GoldenEagle,Business
1832,CrystalSkyAirways,StandByOnly
1644,AeroLink,Business
1428,AirWave,StandByOnly
1188,BlueSkyAirlines,StandByOnly
3060,GoldenEagle,None
2219,SummitAirlines,Business
2959,Airways,Business
2058,UnityAirways,Business
2107,AeroLink,Business
1175,HorizonWings,None
1638,AeroLink,Business
1279,SkyHavenAirways,StandByOnly
1692,CrystalSkyAirways,StandByOnly
2950,PeakAir,None
2267,UnityAirways,None
2738,OceanAirways,StandByOnly
2472,SkyHavenAirways,Business
2073,StarJetAirlines,None
1443,HorizonWings,None
3066,SunAirInternational,StandByOnly
1008,MirageAir,StandByOnly
1055,BlueSkyAirlines,StandByOnly
1963,Express,Business
2361,EvergreenAirlines,None
1088,BlueSkyAirlines,None
2967,WingStar,StandByOnly
2778,EvergreenAirlines,None
1086,Express,StandByOnly
2691,WingStar,Business
2069,PeakAir,StandByOnly
1688,HorizonWings,None
1226,BlueSkyAirlines,Business
2063,Express,None
2307,CrystalSkyAirways,Business
2368,HorizonWings,Business
2791,PeakAir,StandByOnly
2625,UnityAirways,Business
1856,SkyHavenAirways,StandByOnly
1020,SunAirInternational,None
2135,EvergreenAirlines,Business
1644,StarJetAirlines,Business
2155,WingStar,Business
2306,OceanAirways,StandByOnly
1163,SummitAirlines,Business
2147,SkyHavenAirways,Business
2891,SwiftWings,Business
1975,HorizonWings,None
1819,BlueSkyAirlines,Business
2335,SwiftWings,None
3020,Express,StandByOnly
2490,SummitAirlines,StandByOnly
1001,SunAirInternational,None
1673,MirageAir,StandByOnly
2671,SwiftWings,StandByOnly
1003,EvergreenAirlines,StandByOnly
2078,EvergreenAirlines,StandByOnly
1194,StarJetAirlines,Business
2869,CrystalSkyAirways,None
1375,WingStar,None
2740,StarJetAirlines,StandByOnly
1826,Airways,StandByOnly
2203,EvergreenAirlines,None
2729,GoldenEagle,StandByOnly
2424,StarJetAirlines,Business
2757,PeakAir,StandByOnly
1652,StarJetAirlines,None
3080,SilverArrow,StandByOnly
2873,BlueSkyAirlines,None
2782,HorizonWings,None
1337,HorizonWings,StandByOnly
1706,PacificBreezeAirlines,StandByOnly
1260,UnityAirways,Business
2577,CrystalSkyAirways,None
2128,BlueSkyAirlines,None
2304,Express,Business
1089,UnityAirways,StandByOnly
1389,PeakAir,Business
1800,GoldenEagle,None
2366,UnityAirways,StandByOnly
1315,UnityAirways,Business
1086,CrystalSkyAirways,None
1134,Airways,StandByOnly
2799,SummitAirlines,None
2963,PeakAir,Business
2474,PacificBreezeAirlines,None
1320,AirLuxe,Business
2652,SwiftWings,Business
1209,AirLuxe,StandByOnly
2102,SwiftWings,None
3003,Express,None
2735,AirLuxe,StandByOnly
2564,WingStar,Business
2913,PacificBreezeAirlines,None
1439,EvergreenAirlines,Business
1307,PacificBreezeAirlines,StandByOnly
1148,AirLuxe,Business
3032,GoldenEagle,Business
1509,StarJetAirlines,None
2860,AirWave,Business
2202,PeakAir,Business
2819,SilverArrow,None
2824,WingStar,Business
2864,OceanAirways,Business
1041,AirWave,Business
1562,SilverArrow,Business
2340,AirWave,StandByOnly
2794,SkyHavenAirways,StandByOnly
2426,StarJetAirlines,Business
1981,SummitAirlines,Business
3057,PeakAir,None
1347,EvergreenAirlines,StandByOnly
1405,AirWave,Business
1208,SummitAirlines,None
2912,WingStar,None
1858,AeroLink,StandByOnly
2739,CrystalSkyAirways,None
1559,Express,Business
1741,SummitAirlines,None
1037,CrystalSkyAirways,Business
1525,GoldenEagle,Business
2287,SunAirInternational,StandByOnly
2931,Airways,Business
2988,MirageAir,Business
1921,HorizonWings,None
1859,SunAirInternational,None
3061,UnityAirways,None
1084,UnityAirways,Business
2622,HorizonWings,None
1455,SunAirInternational,Business
1126,GoldenEagle,None
1755,SunAirInternational,Business
1607,AeroLink,Business
1660,CrystalSkyAirways,StandByOnly
2786,StarJetAirlines,StandByOnly
1303,EvergreenAirlines,None
1356,WingStar,None
2281,AirWave,Business
2150,GoldenEagle,None
1471,Airways,None
2635,AirLuxe,StandByOnly
2826,MirageAir,None
1720,SunAirInternational,Business
2747,SummitAirlines,StandByOnly
1715,SunAirInternational,StandByOnly
2340,SummitAirlines,StandByOnly
2451,SunAirInternational,Business
1706,SwiftWings,None
2661,SwiftWings,StandByOnly
1740,SilverArrow,Business
2759,SwiftWings,None
2110,MirageAir,None
2530,StarJetAirlines,StandByOnly
1357,Airways,StandByOnly
1241,PacificBreezeAirlines,StandByOnly
1311,Airways,StandByOnly
3021,EvergreenAirlines,Business
2026,WingStar,StandByOnly
1332,MirageAir,StandByOnly
2827,EvergreenAirlines,None
2631,AeroLink,Business
2713,AirLuxe,StandByOnly
2262,SunAirInternational,None
1727,OceanAirways,None
1977,GoldenEagle,StandByOnly
2069,BlueSkyAirlines,None
1131,GoldenEagle,None
1955,MirageAir,Business
1945,SilverArrow,None
1721,WingStar,Business
2210,PeakAir,StandByOnly
2011,PacificBreezeAirlines,Business
2056,SilverArrow,Business
2855,SummitAirlines,None
1914,Airways,None
2517,UnityAirways,StandByOnly
1094,PeakAir,None
2657,AirWave,StandByOnly
1831,CrystalSkyAirways,StandByOnly
1564,Airways,StandByOnly
1846,BlueSkyAirlines,None
2595,BlueSkyAirlines,StandByOnly
2489,SkyHavenAirways,Business
2446,HorizonWings,Business
1047,Express,None
2172,WingStar,StandByOnly
2544,WingStar,StandByOnly
1667,AirLuxe,None
2313,EvergreenAirlines,StandByOnly
2892,AirWave,None
2977,Airways,None
1319,CrystalSkyAirways,None
2112,SilverArrow,Business
2988,SilverArrow,None
2491,SunAirInternational,None
2405,SwiftWings,StandByOnly
2234,Airways,Business
1644,SunAirInternational,None
1586,PacificBreezeAirlines,StandByOnly
2861,MirageAir,StandByOnly
2136,SilverArrow,StandByOnly
1228,Express,Business
1171,CrystalSkyAirways,Business
1766,PacificBreezeAirlines,Business
2172,PeakAir,Business
1533,CrystalSkyAirways,None
2472,StarJetAirlines,Business
2269,OceanAirways,StandByOnly
2428,HorizonWings,Business
1675,AeroLink,Business
2060,CrystalSkyAirways,Business
1148,PacificBreezeAirlines,None
1958,WingStar,Business
2306,BlueSkyAirlines,None
1595,SwiftWings,StandByOnly
1615,WingStar,Business
1159,CrystalSkyAirways,Business
1212,OceanAirways,None
1984,PeakAir,None
1591,PeakAir,None
2843,StarJetAirlines,None
2215,Airways,None
1406,PacificBreezeAirlines,Business
2916,CrystalSkyAirways,None
1424,GoldenEagle,None
1929,AirLuxe,Business
1772,Airways,Business
1216,SkyHavenAirways,StandByOnly
2353,MirageAir,StandByOnly
1292,PacificBreezeAirlines,StandByOnly
3046,SkyHavenAirways,None
1938,SunAirInternational,Business
1880,Express,Business
2291,CrystalSkyAirways,None
2091,SummitAirlines,Business
2904,SunAirInternational,None
1817,OceanAirways,StandByOnly
1850,PacificBreezeAirlines,Business
2855,Express,Business
1794,Express,None
2197,AirWave,StandByOnly
2065,AirLuxe,Business
1770,WingStar,StandByOnly
1986,BlueSkyAirlines,Business
2373,CrystalSkyAirways,StandByOnly
2009,StarJetAirlines,StandByOnly
2366,AirLuxe,None
1916,WingStar,None
1792,CrystalSkyAirways,StandByOnly
1599,OceanAirways,None
2816,BlueSkyAirlines,Business
2567,SummitAirlines,None
2748,SunAirInternational,StandByOnly
1802,WingStar,Business
1440,AeroLink,None
2142,GoldenEagle,Business
1815,SilverArrow,StandByOnly
2883,OceanAirways,Business
2361,BlueSkyAirlines,None
1304,SummitAirlines,None
2652,PacificBreezeAirlines,Business
2330,UnityAirways,Business
3087,OceanAirways,StandByOnly
2449,AirLuxe,Business
2094,SummitAirlines,StandByOnly
2752,SkyHavenAirways,None
2710,GoldenEagle,Business
2280,SummitAirlines,StandByOnly
1063,AirLuxe,None
1897,StarJetAirlines,StandByOnly
2437,Express,Business
2507,PacificBreezeAirlines,Business
3019,HorizonWings,StandByOnly
1946,EvergreenAirlines,Business
2873,EvergreenAirlines,StandByOnly
2139,HorizonWings,StandByOnly
2324,PacificBreezeAirlines,None
3016,WingStar,None
1661,PacificBreezeAirlines,None
2335,SummitAirlines,None
1362,GoldenEagle,None
1957,PeakAir,None
1938,AirLuxe,Business
2832,Airways,None
1804,PeakAir,None
2738,EvergreenAirlines,StandByOnly
2328,SwiftWings,StandByOnly
1931,SilverArrow,Business
1548,HorizonWings,StandByOnly
1926,WingStar,Business
2143,UnityAirways,StandByOnly
1255,MirageAir,StandByOnly
2840,SunAirInternational,StandByOnly
2506,SilverArrow,None
1926,AeroLink,Business
2567,WingStar,Business
2869,AirLuxe,Business
2919,PacificBreezeAirlines,Business
2349,PacificBreezeAirlines,None
1211,HorizonWings,StandByOnly
1268,SunAirInternational,StandByOnly
1612,CrystalSkyAirways,Business
1758,SummitAirlines,StandByOnly
1034,SunAirInternational,None
3049,PacificBreezeAirlines,StandByOnly
2606,OceanAirways,None
1828,Airways,None
1999,SwiftWings,Business
2208,HorizonWings,None
1189,Express,Business
1546,SunAirInternational,None
2455,AirWave,Business
2632,UnityAirways,None
2284,AirWave,None
1756,EvergreenAirlines,None
1875,UnityAirways,StandByOnly
1532,Airways,Business
2168,EvergreenAirlines,Business
1311,EvergreenAirlines,Business
1233,AirLuxe,Business
2433,SwiftWings,Business
1514,AirLuxe,None
1268,StarJetAirlines,StandByOnly
2258,GoldenEagle,Business
2000,SunAirInternational,None
1218,WingStar,None
1736,SummitAirlines,None
1545,SilverArrow,Business
1265,CrystalSkyAirways,Business
1881,MirageAir,StandByOnly
2962,PacificBreezeAirlines,StandByOnly
1070,HorizonWings,None
2164,Express,Business
2588,OceanAirways,None
2452,MirageAir,StandByOnly
1842,AeroLink,Business
1238,BlueSkyAirlines,None
1555,MirageAir,StandByOnly
2472,WingStar,Business
2099,AeroLink,StandByOnly
2203,MirageAir,None
2626,PeakAir,Business
1696,CrystalSkyAirways,Business
1608,UnityAirways,Business
1001,SummitAirlines,None
2670,SummitAirlines,None
2191,AeroLink,None
1320,SummitAirlines,Business
3088,Express,Business
1526,UnityAirways,StandByOnly
1343,SkyHavenAirways,StandByOnly
1051,MirageAir,Business
2789,HorizonWings,Business
2677,Express,None
1550,UnityAirways,None
2323,SwiftWings,StandByOnly
1200,SunAirInternational,None
1763,Airways,StandByOnly
2241,MirageAir,Business
2130,Airways,StandByOnly
1769,PeakAir,StandByOnly
2412,Express,Business
2031,GoldenEagle,StandByOnly
2272,SilverArrow,None
2124,SummitAirlines,Business
2180,GoldenEagle,StandByOnly
1105,StarJetAirlines,Business
2710,Express,Business
1107,SilverArrow,StandByOnly
1651,HorizonWings,None
1789,PacificBreezeAirlines,StandByOnly
2930,OceanAirways,None
2258,PacificBreezeAirlines,None
2143,SkyHavenAirways,None
2080,SummitAirlines,None
2696,PacificBreezeAirlines,Business
2019,OceanAirways,StandByOnly
1594,GoldenEagle,None
1411,GoldenEagle,None
2620,SwiftWings,None
2797,GoldenEagle,Business
3087,Express,None
1075,MirageAir,StandByOnly
2445,Airways,Business
2433,EvergreenAirlines,Business
2728,GoldenEagle,StandByOnly
1538,PacificBreezeAirlines,None
2274,HorizonWings,Business
1373,Express,StandByOnly
1522,StarJetAirlines,Business
1083,UnityAirways,StandByOnly
2079,AirWave,None
1793,SunAirInternational,StandByOnly
2823,Express,Business
2708,GoldenEagle,StandByOnly
2560,SkyHavenAirways,None
2587,CrystalSkyAirways,StandByOnly
1407,HorizonWings,None
2120,EvergreenAirlines,Business
1123,UnityAirways,StandByOnly
3004,SilverArrow,Business
2193,SwiftWings,StandByOnly
1240,UnityAirways,Business
1794,WingStar,None
2397,SummitAirlines,StandByOnly
2496,AeroLink,None
1630,AirLuxe,None
2294,PacificBreezeAirlines,None
2280,AirLuxe,Business
1020,AirLuxe,StandByOnly
3020,HorizonWings,None
1672,SunAirInternational,None
1732,AeroLink,None
2646,EvergreenAirlines,None
1498,PeakAir,Business
2528,UnityAirways,StandByOnly
2745,AirLuxe,StandByOnly
3057,OceanAirways,None
3067,SwiftWings,Business
2380,SummitAirlines,StandByOnly
2308,SunAirInternational,Business
1538,SunAirInternational,None
2887,Express,Business
2781,MirageAir,StandByOnly
1974,SkyHavenAirways,Business
1092,SunAirInternational,StandByOnly
2392,BlueSkyAirlines,Business
1611,SkyHavenAirways,Business
1117,SwiftWings,None
2146,PacificBreezeAirlines,None
2678,SummitAirlines,Business
2548,SummitAirlines,Business
2994,MirageAir,StandByOnly
2572,SwiftWings,None
1390,Airways,Business
1320,AeroLink,None
2412,SkyHavenAirways,Business
2519,StarJetAirlines,None
2645,OceanAirways,None
2393,AirLuxe,None
2639,AeroLink,StandByOnly
1470,UnityAirways,Business
2200,BlueSkyAirlines,None
1033,Airways,None
1024,HorizonWings,None
2719,SilverArrow,StandByOnly
1002,OceanAirways,StandByOnly
1089,WingStar,StandByOnly
2141,SwiftWings,None
1998,SilverArrow,None
1735,CrystalSkyAirways,None
1737,EvergreenAirlines,Business
2598,CrystalSkyAirways,Business
2306,AirWave,StandByOnly
2877,AirLuxe,None
2407,AirWave,Business
1217,SilverArrow,Business
2048,MirageAir,None
2998,StarJetAirlines,None
2706,GoldenEagle,None
2634,GoldenEagle,Business
1804,CrystalSkyAirways,Business
2109,Express,Business
1262,SummitAirlines,StandByOnly
1554,WingStar,Business
1721,SummitAirlines,StandByOnly
2666,MirageAir,Business
2000,MirageAir,Business
2866,WingStar,None
1006,GoldenEagle,StandByOnly
1263,CrystalSkyAirways,StandByOnly
1687,SkyHavenAirways,StandByOnly
2209,UnityAirways,Business
1899,PeakAir,None
1066,SunAirInternational,StandByOnly
1879,MirageAir,Business
2666,Express,Business
2160,SunAirInternational,None
1703,BlueSkyAirlines,StandByOnly
1365,AirWave,StandByOnly
2959,AirWave,None
2981,AirLuxe,None
2544,CrystalSkyAirways,StandByOnly
1384,GoldenEagle,Business
2973,SilverArrow,Business
2218,AeroLink,StandByOnly
1970,OceanAirways,None
2333,AirWave,None
2376,Express,Business
1200,PacificBreezeAirlines,StandByOnly
1921,SummitAirlines,None
1202,SilverArrow,StandByOnly
1791,SunAirInternational,StandByOnly
1569,OceanAirways,Business
2097,PeakAir,None
2078,OceanAirways,None
3015,BlueSkyAirlines,None
1436,BlueSkyAirlines,StandByOnly
2632,PacificBreezeAirlines,None
1445,CrystalSkyAirways,StandByOnly
2045,CrystalSkyAirways,Business
1624,AeroLink,None
1129,HorizonWings,StandByOnly
1581,GoldenEagle,None
2404,EvergreenAirlines,Business
2272,EvergreenAirlines,None
2851,AirLuxe,Business
2707,WingStar,Business
1837,PeakAir,StandByOnly
1756,OceanAirways,Business
1733,PeakAir,None
2935,CrystalSkyAirways,None
1392,Airways,Business
1515,EvergreenAirlines,StandByOnly
1897,PeakAir,Business
1818,Express,StandByOnly
2816,StarJetAirlines,Business
1687,SkyHavenAirways,StandByOnly
1278,SunAirInternational,None
1217,Express,Business
1632,OceanAirways,StandByOnly
1693,CrystalSkyAirways,Business
2302,Express,Business
1065,EvergreenAirlines,None
1293,PacificBreezeAirlines,StandByOnly
2952,MirageAir,Business
1141,AeroLink,None
2337,Express,Business
1170,MirageAir,None
1180,AirLuxe,None
1681,WingStar,None
2801,SwiftWings,Business
1791,PeakAir,Business
2373,CrystalSkyAirways,StandByOnly
1091,PacificBreezeAirlines,Business
1969,Express,StandByOnly
2155,SummitAirlines,Business
2912,HorizonWings,StandByOnly
2562,EvergreenAirlines,Business
2907,SummitAirlines,Business
1968,MirageAir,StandByOnly
3005,Airways,Business
1460,SwiftWings,None
1230,Airways,Business
2826,AirWave,Business
1193,CrystalSkyAirways,StandByOnly
1250,SkyHavenAirways,None
2461,AeroLink,Business
1929,BlueSkyAirlines,None
1753,MirageAir,None
2047,SummitAirlines,None
1594,SkyHavenAirways,None
2141,SkyHavenAirways,Business
2195,PeakAir,Business
1390,WingStar,Business
1164,SummitAirlines,None
1730,SilverArrow,Business
2913,EvergreenAirlines,None
2088,AirWave,None
1238,UnityAirways,Business
2108,WingStar,None
1106,SunAirInternational,Business
1465,SummitAirlines,Business
1539,BlueSkyAirlines,None
2000,SwiftWings,Business
2806,AeroLink,StandByOnly
1276,PacificBreezeAirlines,None
1687,PacificBreezeAirlines,Business
2064,AirLuxe,None
1723,AirLuxe,Business
1785,UnityAirways,Business
2668,BlueSkyAirlines,StandByOnly
1442,PeakAir,None
2885,CrystalSkyAirways,Business
2853,PeakAir,None
1583,UnityAirways,Business
1805,SwiftWings,None
2513,Express,StandByOnly
1416,BlueSkyAirlines,None
2862,AirWave,None
3013,MirageAir,StandByOnly
2862,SwiftWings,None
1375,SilverArrow,None
1239,GoldenEagle,StandByOnly
1006,SunAirInternational,StandByOnly
1779,Express,Business
3003,SilverArrow,None
2308,MirageAir,StandByOnly
2140,EvergreenAirlines,None
2765,GoldenEagle,Business
2720,Airways,Business
2555,Airways,StandByOnly
2700,CrystalSkyAirways,StandByOnly
1210,SilverArrow,StandByOnly
1013,Airways,Business
2889,EvergreenAirlines,Business
2171,EvergreenAirlines,StandByOnly
1553,PeakAir,None
1515,AeroLink,StandByOnly
2401,WingStar,Business
1287,MirageAir,None
1578,Express,StandByOnly
2535,BlueSkyAirlines,Business
1661,GoldenEagle,StandByOnly
1209,Airways,None
1889,BlueSkyAirlines,StandByOnly
2527,AirLuxe,StandByOnly
2457,SunAirInternational,None
1205,Express,Business
1826,EvergreenAirlines,None
1145,PeakAir,StandByOnly
1880,StarJetAirlines,Business
2141,SkyHavenAirways,StandByOnly
1214,Airways,None
1735,SummitAirlines,StandByOnly
1288,MirageAir,StandByOnly
1753,Express,Business
1294,Express,None
1443,UnityAirways,Business
1202,PeakAir,StandByOnly
2200,SkyHavenAirways,Business
2495,OceanAirways,Business
2547,GoldenEagle,StandByOnly
1576,WingStar,StandByOnly
2768,SunAirInternational,StandByOnly
1755,Express,Business
2497,AeroLink,None
2177,AeroLink,Business
1342,Airways,None
2067,StarJetAirlines,StandByOnly
1159,BlueSkyAirlines,None
1590,PeakAir,Business
2146,MirageAir,Business
1378,BlueSkyAirlines,Business
2681,BlueSkyAirlines,None
1300,Airways,None
1024,Express,None
2994,BlueSkyAirlines,Business
2180,AirWave,None
1263,UnityAirways,None
2950,SkyHavenAirways,StandByOnly
1288,MirageAir,StandByOnly
1302,Express,Business
3018,PeakAir,None
1909,GoldenEagle,StandByOnly
2309,AirLuxe,StandByOnly
1625,StarJetAirlines,StandByOnly
1396,SunAirInternational,None
1564,HorizonWings,Business
1085,AirLuxe,None
1912,OceanAirways,Business
2482,UnityAirways,Business
2852,AeroLink,None
2389,SummitAirlines,Business
2929,HorizonWings,Business
2095,WingStar,StandByOnly
2033,UnityAirways,Business
1298,SummitAirlines,Business
1347,Express,StandByOnly
1265,SilverArrow,StandByOnly
1171,AirLuxe,StandByOnly
1638,SilverArrow,None
3050,Express,StandByOnly
1664,PeakAir,Business
2401,AirWave,Business
2694,SkyHavenAirways,None
1201,SwiftWings,StandByOnly
2661,CrystalSkyAirways,None
2053,AirWave,Business
2886,SilverArrow,Business
3045,AeroLink,Business
3098,CrystalSkyAirways,None
1122,SunAirInternational,None
2322,SilverArrow,StandByOnly
3049,WingStar,StandByOnly
1793,Airways,None
2520,UnityAirways,StandByOnly
1698,WingStar,StandByOnly
1688,Airways,None
2914,GoldenEagle,Business
1165,BlueSkyAirlines,StandByOnly
2194,MirageAir,Business
2154,HorizonWings,StandByOnly
1391,PacificBreezeAirlines,None
2276,WingStar,Business
1851,StarJetAirlines,StandByOnly
2274,Airways,Business
2630,SummitAirlines,StandByOnly
1866,UnityAirways,StandByOnly
3034,SilverArrow,Business
1450,PeakAir,Business
2037,Airways,StandByOnly
2833,UnityAirways,None
2872,Express,None
1863,PeakAir,None
1838,EvergreenAirlines,Business
2620,PeakAir,None
2149,StarJetAirlines,Business
2368,AirWave,None
1728,AirLuxe,None
1506,EvergreenAirlines,Business
2208,EvergreenAirlines,Business
1848,SilverArrow,Business
1620,SkyHavenAirways,None
1969,PeakAir,Business
1562,UnityAirways,Business
2259,SwiftWings,StandByOnly
2851,CrystalSkyAirways,StandByOnly
2967,StarJetAirlines,Business
1080,CrystalSkyAirways,Business
2830,SkyHavenAirways,None
2999,UnityAirways,Business
2398,MirageAir,Business
1376,CrystalSkyAirways,Business
2000,GoldenEagle,StandByOnly
1937,MirageAir,None
2388,CrystalSkyAirways,None
2306,SummitAirlines,None
1234,StarJetAirlines,Business
1233,BlueSkyAirlines,StandByOnly
2896,PeakAir,StandByOnly
2859,Airways,Business
1222,SilverArrow,StandByOnly
3072,SwiftWings,StandByOnly
2539,Airways,StandByOnly
3094,OceanAirways,StandByOnly
1159,AirWave,None
1876,Express,StandByOnly
1102,WingStar,Business
1637,SunAirInternational,None
2398,Airways,StandByOnly
1340,Airways,StandByOnly
2626,CrystalSkyAirways,None
1032,BlueSkyAirlines,StandByOnly
1112,AirLuxe,None
2453,SummitAirlines,Business
1532,Express,Business
2422,SilverArrow,StandByOnly
1847,Airways,Business
2430,GoldenEagle,None
1051,SkyHavenAirways,Business
2443,PacificBreezeAirlines,Business
1960,StarJetAirlines,StandByOnly
1754,UnityAirways,Business
1808,OceanAirways,None
2772,HorizonWings,None
1715,BlueSkyAirlines,None
3061,AirLuxe,StandByOnly
2429,SwiftWings,None
1421,StarJetAirlines,StandByOnly
2594,MirageAir,Business
2591,OceanAirways,Business
2377,WingStar,StandByOnly
2546,PacificBreezeAirlines,StandByOnly
1609,PeakAir,Business
1326,SilverArrow,StandByOnly
2254,Express,StandByOnly
1643,PeakAir,None
1835,AirWave,Business
1732,PacificBreezeAirlines,Business
2421,SkyHavenAirways,StandByOnly
2848,WingStar,Business
2377,SkyHavenAirways,StandByOnly
2635,PacificBreezeAirlines,StandByOnly
1798,GoldenEagle,StandByOnly
1469,EvergreenAirlines,StandByOnly
3031,Airways,StandByOnly
1362,SwiftWings,None
1023,StarJetAirlines,StandByOnly
3072,Airways,None
1483,AeroLink,None
2020,GoldenEagle,StandByOnly
1596,SunAirInternational,Business
1579,SwiftWings,Business
1435,WingStar,Business
2907,HorizonWings,StandByOnly
1435,SwiftWings,Business
3019,SummitAirlines,Business
3013,BlueSkyAirlines,Business
2424,SkyHavenAirways,None
1472,WingStar,Business
2685,SunAirInternational,Business
2527,StarJetAirlines,Business
2911,UnityAirways,Business
2200,AirLuxe,Business
2484,SilverArrow,None
2128,EvergreenAirlines,Business
2099,EvergreenAirlines,None
2403,SummitAirlines,StandByOnly
1024,StarJetAirlines,None
1397,WingStar,Business
1117,PacificBreezeAirlines,Business
3067,StarJetAirlines,Business
2420,SunAirInternational,Business
3021,WingStar,StandByOnly
2521,PeakAir,None
2392,HorizonWings,Business
1718,AeroLink,Business
2262,HorizonWings,None
2340,SummitAirlines,StandByOnly
1031,CrystalSkyAirways,StandByOnly
2376,Express,None
2833,EvergreenAirlines,StandByOnly
1061,StarJetAirlines,Business
2134,SunAirInternational,StandByOnly
1415,BlueSkyAirlines,None
1274,Express,StandByOnly
2026,SunAirInternational,Business
1043,GoldenEagle,StandByOnly
1678,PeakAir,Business
1056,UnityAirways,Business
2281,BlueSkyAirlines,None
3051,MirageAir,Business
1917,AirLuxe,None
2831,EvergreenAirlines,None
1591,AirLuxe,Business
2879,PeakAir,None
2423,SunAirInternational,Business
2988,CrystalSkyAirways,StandByOnly
1903,Airways,StandByOnly
1717,AirWave,StandByOnly
1828,Airways,Business
2816,Airways,StandByOnly
1281,GoldenEagle,Business
2165,PeakAir,None
3066,MirageAir,StandByOnly
2128,SwiftWings,StandByOnly
2046,MirageAir,None
2023,AirWave,None
1107,WingStar,Business
1932,StarJetAirlines,Business
1166,SummitAirlines,None
1993,CrystalSkyAirways,StandByOnly
1491,SummitAirlines,None
2758,StarJetAirlines,StandByOnly
1349,EvergreenAirlines,None
1596,SkyHavenAirways,StandByOnly
2058,PeakAir,Business
2249,PeakAir,StandByOnly
1495,AeroLink,None
1184,SkyHavenAirways,StandByOnly
2762,SummitAirlines,StandByOnly
1882,GoldenEagle,Business
2484,UnityAirways,Business
2302,WingStar,StandByOnly
1942,BlueSkyAirlines,StandByOnly
2791,MirageAir,StandByOnly
1679,Express,StandByOnly
1767,Express,Business
2364,CrystalSkyAirways,None
1986,UnityAirways,StandByOnly
1415,AirWave,StandByOnly
2925,AeroLink,StandByOnly
2976,WingStar,None
2230,EvergreenAirlines,None
1963,SkyHavenAirways,Business
1160,Airways,None
1145,SkyHavenAirways,None
2663,MirageAir,None
1028,SkyHavenAirways,StandByOnly
2549,OceanAirways,None
1494,HorizonWings,StandByOnly
1288,SummitAirlines,None
2135,HorizonWings,Business
2655,HorizonWings,StandByOnly
1852,SunAirInternational,Business
1021,StarJetAirlines,Business
1382,Airways,None
1405,Express,StandByOnly
2803,SkyHavenAirways,Business
2449,OceanAirways,Business
1588,MirageAir,Business
1810,SunAirInternational,None
1107,SummitAirlines,Business
1835,UnityAirways,Business
1091,PacificBreezeAirlines,StandByOnly
1750,WingStar,None
2147,BlueSkyAirlines,Business
2609,WingStar,StandByOnly
1407,HorizonWings,StandByOnly
2734,Express,StandByOnly
2125,StarJetAirlines,StandByOnly
2719,AirLuxe,StandByOnly
1866,WingStar,Business
2568,AeroLink,Business
1990,GoldenEagle,None
2507,BlueSkyAirlines,Business
2716,AirWave,StandByOnly
2523,PacificBreezeAirlines,None
1577,OceanAirways,None
2346,WingStar,StandByOnly
1982,AirWave,StandByOnly
2375,SwiftWings,None
2237,EvergreenAirlines,Business
2193,OceanAirways,Business
2572,SummitAirlines,StandByOnly
1511,AeroLink,Business
2481,AirWave,None
1009,SwiftWings,None
2426,CrystalSkyAirways,None
2319,SkyHavenAirways,Business
1178,AirLuxe,None
1173,HorizonWings,StandByOnly
1589,MirageAir,None
2650,SilverArrow,StandByOnly
1642,UnityAirways,StandByOnly
1758,BlueSkyAirlines,None
2527,PacificBreezeAirlines,Business
1058,OceanAirways,None
2400,MirageAir,None
1434,WingStar,None
1321,MirageAir,None
1198,AirLuxe,Business
2757,CrystalSkyAirways,Business
2599,SummitAirlines,StandByOnly
1452,StarJetAirlines,None
3015,SunAirInternational,None
1191,EvergreenAirlines,StandByOnly
2672,PacificBreezeAirlines,StandByOnly
1502,PeakAir,Business
2372,AirWave,None
1605,PacificBreezeAirlines,StandByOnly
1371,SummitAirlines,StandByOnly
1917,WingStar,Business
1831,PacificBreezeAirlines,None
1330,SwiftWings,StandByOnly
1903,Express,StandByOnly
2024,SummitAirlines,Business
3036,SunAirInternational,None
1499,AirWave,None
1910,SunAirInternational,Business
1311,MirageAir,None
2666,SkyHavenAirways,Business
1934,PeakAir,StandByOnly
1754,UnityAirways,Business
3005,Express,StandByOnly
1321,SkyHavenAirways,None
2144,OceanAirways,StandByOnly
2866,SkyHavenAirways,None
1604,SummitAirlines,Business
1538,SummitAirlines,None
2428,UnityAirways,Business
2573,BlueSkyAirlines,None
1871,Express,Business
1659,SunAirInternational,StandByOnly
2352,AirLuxe,Business
1109,CrystalSkyAirways,None
3052,PeakAir,StandByOnly
2444,CrystalSkyAirways,None
1907,EvergreenAirlines,Business
1288,SunAirInternational,None
1185,PacificBreezeAirlines,StandByOnly
1498,Express,StandByOnly
1340,SummitAirlines,StandByOnly
1118,AirLuxe,StandByOnly
2850,Express,StandByOnly
1666,WingStar,Business
2766,EvergreenAirlines,None
1584,SummitAirlines,StandByOnly
2032,AirLuxe,Business
1716,Airways,StandByOnly
2802,MirageAir,None
1139,AirWave,StandByOnly
1739,BlueSkyAirlines,StandByOnly
1598,BlueSkyAirlines,Business
2102,SwiftWings,StandByOnly
2959,WingStar,None
2842,SunAirInternational,None
2513,StarJetAirlines,Business
1959,HorizonWings,None
2200,HorizonWings,Business
1451,SunAirInternational,Business
1217,SkyHavenAirways,StandByOnly
1296,Airways,StandByOnly
2965,AirLuxe,StandByOnly
1774,UnityAirways,StandByOnly
1962,BlueSkyAirlines,StandByOnly
1025,SkyHavenAirways,None
3005,OceanAirways,StandByOnly
1631,WingStar,StandByOnly
1082,EvergreenAirlines,StandByOnly
2509,CrystalSkyAirways,StandByOnly
2783,WingStar,None
2753,AeroLink,Business
2667,MirageAir,Business
1074,SunAirInternational,Business
1678,SummitAirlines,None
3094,SilverArrow,Business
1261,AeroLink,StandByOnly
1438,BlueSkyAirlines,Business
2279,UnityAirways,Business
2498,PeakAir,None
1600,SunAirInternational,Business
1544,AirLuxe,Business
1666,MirageAir,StandByOnly
1522,GoldenEagle,StandByOnly
2581,CrystalSkyAirways,StandByOnly
1424,SunAirInternational,StandByOnly
3029,WingStar,None
2242,StarJetAirlines,None
2077,AeroLink,Business
2428,PeakAir,Business
2746,AirWave,StandByOnly
1394,BlueSkyAirlines,None
2606,SwiftWings,None
2103,HorizonWings,StandByOnly
2512,PeakAir,Business
2406,WingStar,Business
2816,BlueSkyAirlines,StandByOnly
1694,EvergreenAirlines,StandByOnly
2851,SwiftWings,None
2241,EvergreenAirlines,Business
3044,UnityAirways,StandByOnly
1749,PeakAir,StandByOnly
3015,PacificBreezeAirlines,StandByOnly
2191,SkyHavenAirways,None
1222,AirLuxe,StandByOnly
1654,PacificBreezeAirlines,StandByOnly
1665,SilverArrow,Business
3037,Express,Business
2255,GoldenEagle,None
2491,OceanAirways,Business
1000,UnityAirways,StandByOnly
2523,WingStar,StandByOnly
2421,GoldenEagle,StandByOnly
1622,SkyHavenAirways,Business
1305,HorizonWings,None
1708,AirWave,Business
1040,BlueSkyAirlines,StandByOnly
1055,Express,StandByOnly
2417,SwiftWings,None
1637,PeakAir,None
2533,GoldenEagle,Business
2945,SilverArrow,Business
1139,UnityAirways,None
1710,BlueSkyAirlines,StandByOnly
1124,WingStar,StandByOnly
2531,WingStar,StandByOnly
1746,AeroLink,StandByOnly
1177,BlueSkyAirlines,StandByOnly
3033,Express,Business
2836,GoldenEagle,None
2249,GoldenEagle,StandByOnly
1910,SwiftWings,None
1966,WingStar,StandByOnly
2659,SunAirInternational,Business
1275,SkyHavenAirways,Business
1202,MirageAir,None
1341,Airways,StandByOnly
3067,Airways,Business
1048,UnityAirways,StandByOnly
1502,AirWave,StandByOnly
1265,EvergreenAirlines,Business
1614,PeakAir,Business
1707,SwiftWings,None
2932,SilverArrow,Business
2058,SwiftWings,None
2081,HorizonWings,StandByOnly
1191,BlueSkyAirlines,None
1147,SilverArrow,None
1534,SummitAirlines,StandByOnly
2993,SunAirInternational,StandByOnly
1556,WingStar,StandByOnly
2444,AirLuxe,Business
1332,CrystalSkyAirways,Business
2273,StarJetAirlines,StandByOnly
2766,AeroLink,Business
1555,WingStar,Business
1009,EvergreenAirlines,Business
1029,AirLuxe,Business
1479,WingStar,None
1780,SwiftWings,StandByOnly
2437,SummitAirlines,StandByOnly
1906,PacificBreezeAirlines,None
1863,HorizonWings,Business
2693,SunAirInternational,Business
3070,EvergreenAirlines,StandByOnly
2429,PeakAir,StandByOnly
1278,SunAirInternational,None
2473,WingStar,None
2197,AeroLink,StandByOnly
1331,UnityAirways,StandByOnly
2367,UnityAirways,StandByOnly
2539,SwiftWings,None
1178,EvergreenAirlines,StandByOnly
1492,SunAirInternational,Business
2475,BlueSkyAirlines,StandByOnly
2042,PeakAir,Business
2868,SunAirInternational,StandByOnly
1857,EvergreenAirlines,StandByOnly
1365,OceanAirways,Business
1660,OceanAirways,Business
1732,BlueSkyAirlines,Business
2820,SunAirInternational,Business
2472,SwiftWings,Business
3080,CrystalSkyAirways,None
2321,SwiftWings,Business
1680,EvergreenAirlines,StandByOnly
2547,StarJetAirlines,StandByOnly
1850,EvergreenAirlines,StandByOnly
2486,HorizonWings,None
1617,PacificBreezeAirlines,StandByOnly
2157,AeroLink,Business
2318,PeakAir,Business
1291,SummitAirlines,StandByOnly
2924,SwiftWings,StandByOnly
2962,MirageAir,Business
1389,AirWave,Business
2903,SummitAirlines,None
2503,Express,Business
1850,SunAirInternational,None
2704,AirLuxe,Business
1450,SkyHavenAirways,StandByOnly
3030,Express,Business
2137,GoldenEagle,Business
1436,WingStar,StandByOnly
1551,WingStar,Business
2546,StarJetAirlines,Business
1582,Airways,None
1378,SwiftWings,StandByOnly
1142,OceanAirways,Business
1316,PeakAir,Business
2423,EvergreenAirlines,StandByOnly
1001,StarJetAirlines,Business
2133,SummitAirlines,None
2166,CrystalSkyAirways,Business
1862,CrystalSkyAirways,StandByOnly
1472,SunAirInternational,None
1022,SkyHavenAirways,Business
2160,HorizonWings,Business
1661,SwiftWings,None
2127,CrystalSkyAirways,StandByOnly
1484,AeroLink,StandByOnly
1466,WingStar,StandByOnly
1357,CrystalSkyAirways,Business
1748,AeroLink,StandByOnly
2275,Express,StandByOnly
2338,OceanAirways,StandByOnly
3091,HorizonWings,Business
1830,AirWave,Business
1423,SilverArrow,None
1452,AeroLink,None
2098,MirageAir,None
1968,SwiftWings,StandByOnly
1370,AirLuxe,None
1953,GoldenEagle,Business
2336,CrystalSkyAirways,Business
2539,SummitAirlines,None
2398,CrystalSkyAirways,None
1764,GoldenEagle,None
2051,WingStar,Business
2560,SwiftWings,Business
2064,WingStar,Business
2727,BlueSkyAirlines,Business
2683,WingStar,StandByOnly
1854,HorizonWings,None
1665,AirLuxe,Business
2648,AirWave,Business
1906,StarJetAirlines,Business
1741,StarJetAirlines,Business
2631,Airways,None
2688,MirageAir,StandByOnly
1770,MirageAir,None
1317,MirageAir,None
1896,Airways,None
3051,GoldenEagle,StandByOnly
3001,AeroLink,Business
2945,AirLuxe,None
2740,PacificBreezeAirlines,None
1616,GoldenEagle,StandByOnly
1169,BlueSkyAirlines,None
2016,HorizonWings,Business
2651,SwiftWings,StandByOnly
1110,AeroLink,StandByOnly
1644,CrystalSkyAirways,StandByOnly
1489,SummitAirlines,None
2736,SkyHavenAirways,None
2493,EvergreenAirlines,Business
1470,WingStar,StandByOnly
2148,BlueSkyAirlines,StandByOnly
1720,CrystalSkyAirways,None
1792,SwiftWings,StandByOnly
3010,Airways,None
1548,MirageAir,None
2767,PeakAir,Business
1134,PeakAir,StandByOnly
1136,AirLuxe,Business
1662,Airways,StandByOnly
2089,AirLuxe,None
2984,Express,None
2243,HorizonWings,StandByOnly
1363,AeroLink,StandByOnly
2352,SummitAirlines,None
2980,WingStar,StandByOnly
2472,SunAirInternational,StandByOnly
2760,MirageAir,StandByOnly
1988,OceanAirways,None
1393,OceanAirways,StandByOnly
2095,WingStar,None
3100,UnityAirways,None
1610,UnityAirways,None
2670,SkyHavenAirways,StandByOnly
1154,AirWave,None
2612,WingStar,Business
2840,SummitAirlines,Business
2466,SilverArrow,StandByOnly
3052,SkyHavenAirways,Business
2401,UnityAirways,Business
1565,SummitAirlines,Business
1262,StarJetAirlines,None
2117,PacificBreezeAirlines,Business
1411,SummitAirlines,None
2403,CrystalSkyAirways,None
1753,SunAirInternational,StandByOnly
1670,PeakAir,None
1221,AeroLink,StandByOnly
1314,CrystalSkyAirways,None
1141,AirLuxe,Business
2917,UnityAirways,StandByOnly
2072,PacificBreezeAirlines,Business
2983,StarJetAirlines,StandByOnly
2328,AirWave,None
1459,UnityAirways,None
1664,SilverArrow,None
2218,EvergreenAirlines,StandByOnly
2106,SummitAirlines,StandByOnly
2759,EvergreenAirlines,StandByOnly
2786,AirLuxe,StandByOnly
1233,OceanAirways,StandByOnly
1001,SkyHavenAirways,Business
2975,StarJetAirlines,Business
1811,PeakAir,Business
1407,UnityAirways,None
2135,OceanAirways,Business
2874,EvergreenAirlines,StandByOnly
1637,Airways,None
1322,StarJetAirlines,StandByOnly
1059,SummitAirlines,StandByOnly
2365,AirWave,StandByOnly
1445,EvergreenAirlines,None
2946,AirWave,None
2129,SilverArrow,Business
1400,Express,StandByOnly
1458,SummitAirlines,Business
1589,SilverArrow,StandByOnly
2545,GoldenEagle,StandByOnly
2110,AeroLink,Business
2156,UnityAirways,StandByOnly
2507,Airways,None
2616,SummitAirlines,None
1132,SunAirInternational,Business
3006,StarJetAirlines,Business
2704,Express,StandByOnly
1633,SunAirInternational,None
1136,EvergreenAirlines,Business
1972,GoldenEagle,Business
2046,Express,StandByOnly
2246,AeroLink,StandByOnly
1606,EvergreenAirlines,StandByOnly
2351,HorizonWings,None
3087,GoldenEagle,None
1954,GoldenEagle,StandByOnly
2247,SwiftWings,None
1319,OceanAirways,None
2095,AirWave,None
1562,AeroLink,Business
1009,SilverArrow,None
1490,OceanAirways,StandByOnly
1543,Airways,None
1479,MirageAir,None
2081,AirWave,None
1410,SkyHavenAirways,Business
1079,WingStar,None
1480,PeakAir,None
1513,CrystalSkyAirways,StandByOnly
2493,SkyHavenAirways,StandByOnly
2592,GoldenEagle,StandByOnly
2684,PacificBreezeAirlines,StandByOnly
1935,UnityAirways,StandByOnly
1392,SummitAirlines,None
2241,StarJetAirlines,StandByOnly
1075,SunAirInternational,StandByOnly
2708,Express,StandByOnly
1826,CrystalSkyAirways,Business
1765,Airways,StandByOnly
2539,AirWave,Business
3073,Express,StandByOnly
1606,AeroLink,StandByOnly
3093,BlueSkyAirlines,StandByOnly
2586,GoldenEagle,None
1590,AirWave,None
1041,SkyHavenAirways,None
2875,SkyHavenAirways,Business
1540,PacificBreezeAirlines,StandByOnly
2027,PeakAir,Business
2616,AirLuxe,Business
1137,AirLuxe,StandByOnly
2103,SummitAirlines,StandByOnly
2295,HorizonWings,Business
2247,PeakAir,None
2628,PacificBreezeAirlines,StandByOnly
2486,EvergreenAirlines,None
2258,AeroLink,StandByOnly
1467,PacificBreezeAirlines,None
1432,SwiftWings,Business
2983,OceanAirways,Business
2650,StarJetAirlines,StandByOnly
1764,SilverArrow,None
1223,SummitAirlines,StandByOnly
1003,SkyHavenAirways,Business
1679,StarJetAirlines,Business
2515,WingStar,StandByOnly
2376,CrystalSkyAirways,Business
2696,GoldenEagle,None
1458,PacificBreezeAirlines,Business
2595,GoldenEagle,None
2334,PacificBreezeAirlines,Business
2153,BlueSkyAirlines,Business
2154,AirWave,StandByOnly
2166,SummitAirlines,None
2173,WingStar,StandByOnly
2926,GoldenEagle,Business
2389,AirLuxe,StandByOnly
2106,MirageAir,Business
2465,PacificBreezeAirlines,None
2438,StarJetAirlines,StandByOnly
2321,HorizonWings,StandByOnly
1667,SunAirInternational,StandByOnly
2659,GoldenEagle,StandByOnly
3002,MirageAir,None
1914,EvergreenAirlines,None
2056,MirageAir,Business
1686,BlueSkyAirlines,StandByOnly
1934,OceanAirways,StandByOnly
1754,UnityAirways,None
2741,BlueSkyAirlines,StandByOnly
1427,AirWave,None
2620,StarJetAirlines,None
1758,UnityAirways,StandByOnly
1229,BlueSkyAirlines,StandByOnly
1328,PacificBreezeAirlines,None
2067,SummitAirlines,None
1899,AeroLink,None
3078,PacificBreezeAirlines,Business
2679,WingStar,None
1818,PeakAir,Business
1118,BlueSkyAirlines,Business
1593,AirWave,Business
1203,SkyHavenAirways,Business
1505,UnityAirways,None
1504,Airways,None
2827,StarJetAirlines,None
2892,SkyHavenAirways,None
1846,MirageAir,None
2113,Airways,Business
2845,SummitAirlines,None
1259,SkyHavenAirways,Business
2553,Airways,None
1414,SwiftWings,None
1964,UnityAirways,StandByOnly
1075,BlueSkyAirlines,Business
3083,MirageAir,StandByOnly
1342,MirageAir,StandByOnly
1932,EvergreenAirlines,None
1346,AeroLink,StandByOnly
1206,GoldenEagle,None
2421,AirLuxe,Business
2530,PacificBreezeAirlines,StandByOnly
1677,UnityAirways,None
2875,HorizonWings,StandByOnly
2635,AeroLink,StandByOnly
2592,AirLuxe,StandByOnly
2388,CrystalSkyAirways,StandByOnly
2096,MirageAir,StandByOnly
1542,SilverArrow,Business
1411,SummitAirlines,Business
1671,PeakAir,None
2818,WingStar,None
1972,WingStar,None
1737,SilverArrow,None
2623,PacificBreezeAirlines,Business
2486,Airways,Business
1859,MirageAir,StandByOnly
1185,OceanAirways,None
1100,CrystalSkyAirways,Business
1729,PacificBreezeAirlines,StandByOnly
3037,SunAirInternational,Business
2526,SummitAirlines,StandByOnly
1923,SilverArrow,StandByOnly
2391,Airways,None
2404,PacificBreezeAirlines,None
1827,SummitAirlines,StandByOnly
2347,StarJetAirlines,StandByOnly
2722,Airways,Business
2144,OceanAirways,None
1050,PeakAir,Business
1453,SunAirInternational,Business
2729,Express,Business
2003,BlueSkyAirlines,Business
2955,StarJetAirlines,Business
1349,StarJetAirlines,StandByOnly
1922,SilverArrow,Business
1505,PacificBreezeAirlines,None
2797,SunAirInternational,None
1963,BlueSkyAirlines,None
2359,WingStar,StandByOnly
2971,SunAirInternational,StandByOnly
2613,SilverArrow,None
2146,WingStar,Business
1867,SilverArrow,StandByOnly
1273,StarJetAirlines,None
2155,AeroLink,None
2376,AirWave,None
2566,BlueSkyAirlines,StandByOnly
2770,AirLuxe,None
2280,BlueSkyAirlines,Business
1824,AirWave,Business
1241,CrystalSkyAirways,Business
2822,UnityAirways,None
2682,Express,Business
2785,SwiftWings,StandByOnly
2458,GoldenEagle,StandByOnly
3053,AirWave,StandByOnly
2948,AirWave,StandByOnly
1905,PacificBreezeAirlines,Business
2004,PacificBreezeAirlines,StandByOnly
2087,AirLuxe,StandByOnly
1291,SummitAirlines,StandByOnly
2141,Airways,Business
2548,StarJetAirlines,StandByOnly
3023,HorizonWings,StandByOnly
2121,Express,None
1084,BlueSkyAirlines,None
2079,SilverArrow,None
2885,StarJetAirlines,None
1480,HorizonWings,None
1721,UnityAirways,Business
1981,OceanAirways,Business
2618,HorizonWings,None
1454,PeakAir,None
2212,HorizonWings,StandByOnly
1408,BlueSkyAirlines,None
2333,Express,StandByOnly
2604,SwiftWings,None
1932,UnityAirways,Business
1781,WingStar,None
2217,SwiftWings,StandByOnly
2610,StarJetAirlines,StandByOnly
2156,PacificBreezeAirlines,Business
1567,SwiftWings,None
1557,PacificBreezeAirlines,None
2010,HorizonWings,StandByOnly
2910,Express,Business
2951,Express,StandByOnly
1607,AirLuxe,StandByOnly
2069,GoldenEagle,None
2245,GoldenEagle,None
3094,SilverArrow,None
2127,SkyHavenAirways,Business
2318,SunAirInternational,None
2359,UnityAirways,None
1136,Airways,StandByOnly
1293,WingStar,StandByOnly
2335,SummitAirlines,None
1746,UnityAirways,None
1365,SwiftWings,None
2256,GoldenEagle,StandByOnly
1530,Airways,None
1480,CrystalSkyAirways,Business
1451,UnityAirways,StandByOnly
2556,HorizonWings,None
1028,CrystalSkyAirways,None
1338,AeroLink,StandByOnly
2259,GoldenEagle,Business
2564,Express,Business
2053,SkyHavenAirways,None
1875,StarJetAirlines,None
2172,OceanAirways,StandByOnly
2880,SummitAirlines,None
2242,GoldenEagle,Business
1651,StarJetAirlines,Business
1287,WingStar,StandByOnly
2115,PeakAir,None
2098,GoldenEagle,None
2892,SunAirInternational,Business
2021,Express,None
2358,SkyHavenAirways,Business
1735,Airways,Business
1403,SummitAirlines,Business
2763,SummitAirlines,Business
1107,EvergreenAirlines,None
2794,GoldenEagle,StandByOnly
1262,AirWave,Business
2771,PacificBreezeAirlines,None
2001,SwiftWings,None
1726,MirageAir,StandByOnly
1145,UnityAirways,StandByOnly
2729,OceanAirways,None
3093,GoldenEagle,Business
1846,PeakAir,StandByOnly
2079,SwiftWings,StandByOnly
1466,HorizonWings,StandByOnly
1969,GoldenEagle,Business
1485,PeakAir,StandByOnly
2756,MirageAir,StandByOnly
2590,CrystalSkyAirways,None
1936,SunAirInternational,Business
2328,CrystalSkyAirways,StandByOnly
2987,WingStar,Business
2633,SwiftWings,StandByOnly
1706,BlueSkyAirlines,None
1168,SwiftWings,StandByOnly
1787,AeroLink,StandByOnly
2623,OceanAirways,None
2281,SwiftWings,StandByOnly
2752,Airways,None
3079,OceanAirways,None
1124,WingStar,Business
1133,GoldenEagle,Business
3082,PeakAir,None
2802,HorizonWings,Business
2893,AeroLink,Business
2953,EvergreenAirlines,StandByOnly
1723,MirageAir,StandByOnly
2110,SummitAirlines,StandByOnly
2318,Express,StandByOnly
1939,SilverArrow,StandByOnly
2234,EvergreenAirlines,Business
2334,EvergreenAirlines,Business
2826,AirWave,Business
1749,SummitAirlines,Business
1025,UnityAirways,None
1864,UnityAirways,StandByOnly
2796,GoldenEagle,Business
2974,StarJetAirlines,Business
1682,MirageAir,Business
2342,SunAirInternational,None
1572,WingStar,StandByOnly
1492,SummitAirlines,None
1297,OceanAirways,Business
1060,OceanAirways,None
1579,PacificBreezeAirlines,StandByOnly
1406,MirageAir,StandByOnly
1339,CrystalSkyAirways,StandByOnly
2621,AeroLink,StandByOnly
2233,Express,Business
2673,HorizonWings,StandByOnly
2171,HorizonWings,Business
1102,StarJetAirlines,None
1274,MirageAir,StandByOnly
1649,BlueSkyAirlines,Business
2612,UnityAirways,None
1358,BlueSkyAirlines,None
1944,Express,StandByOnly
1094,UnityAirways,None
2534,BlueSkyAirlines,StandByOnly
1344,GoldenEagle,StandByOnly
2604,GoldenEagle,None
2603,SunAirInternational,Business
2483,OceanAirways,Business
2186,StarJetAirlines,StandByOnly
2746,SkyHavenAirways,Business
1917,MirageAir,StandByOnly
1060,UnityAirways,Business
1235,AirLuxe,None
2705,Airways,None
1687,SkyHavenAirways,None
2536,SunAirInternational,Business
3092,AirWave,None
2070,SunAirInternational,StandByOnly
1865,CrystalSkyAirways,Business
2941,AirLuxe,StandByOnly
1952,Airways,None
2175,PacificBreezeAirlines,None
2725,MirageAir,Business
2009,WingStar,Business
1402,SummitAirlines,None
1659,WingStar,Business
1784,SwiftWings,Business
1737,SummitAirlines,StandByOnly
2620,Airways,None
2264,SwiftWings,StandByOnly
2638,EvergreenAirlines,None
2904,BlueSkyAirlines,Business
2324,SwiftWings,Business
2209,OceanAirways,StandByOnly
2384,MirageAir,Business
1499,SunAirInternational,StandByOnly
2587,PeakAir,None
2521,SilverArrow,Business
1660,SilverArrow,StandByOnly
1661,StarJetAirlines,StandByOnly
1709,SummitAirlines,None
3039,AeroLink,None
2147,SunAirInternational,Business
2581,GoldenEagle,None
2175,BlueSkyAirlines,None
1057,PeakAir,StandByOnly
1194,PeakAir,Business
1873,WingStar,Business
1242,AeroLink,StandByOnly
2783,MirageAir,Business
2297,AirWave,Business
2864,AirWave,StandByOnly
2336,MirageAir,None
1203,SunAirInternational,None
2571,MirageAir,StandByOnly
2097,AirLuxe,None
2543,UnityAirways,None
2971,BlueSkyAirlines,StandByOnly
2681,PeakAir,StandByOnly
2274,SkyHavenAirways,Business
1515,CrystalSkyAirways,StandByOnly
2844,AirLuxe,None
2233,CrystalSkyAirways,StandByOnly
2597,StarJetAirlines,StandByOnly
2138,BlueSkyAirlines,None
2402,MirageAir,Business
1304,AirLuxe,Business
2570,WingStar,Business
1351,SilverArrow,Business
1287,WingStar,Business
2684,GoldenEagle,None
2423,SunAirInternational,Business
2862,UnityAirways,Business
2142,AeroLink,StandByOnly
1373,MirageAir,Business
3023,SkyHavenAirways,StandByOnly
2089,SunAirInternational,None
2747,Express,StandByOnly
2313,EvergreenAirlines,Business
2547,Express,Business
2864,SunAirInternational,None
2332,OceanAirways,None
2455,OceanAirways,None
1461,SilverArrow,Business
1495,AirLuxe,Business
2979,Airways,Business
2677,AirWave,Business
2648,HorizonWings,Business
2728,GoldenEagle,None
2626,MirageAir,None
1569,GoldenEagle,None
2698,SilverArrow,StandByOnly
1343,MirageAir,Business
1510,SummitAirlines,Business
2618,UnityAirways,Business
1269,OceanAirways,None
1775,SwiftWings,Business
2105,SwiftWings,None
1691,HorizonWings,StandByOnly
2051,SkyHavenAirways,None
2928,GoldenEagle,StandByOnly
1269,EvergreenAirlines,None
1019,AirLuxe,Business
2629,WingStar,StandByOnly
2325,AirWave,StandByOnly
1424,EvergreenAirlines,StandByOnly
1824,SkyHavenAirways,Business
2572,AirLuxe,Business
1000,SummitAirlines,StandByOnly
1772,OceanAirways,StandByOnly
1936,MirageAir,Business
1573,SkyHavenAirways,None
2681,SummitAirlines,None
2652,WingStar,Business
3055,UnityAirways,None
1850,SilverArrow,None
3076,GoldenEagle,StandByOnly
1200,Express,StandByOnly
2447,UnityAirways,Business
2410,MirageAir,StandByOnly
2280,GoldenEagle,Business
1180,SkyHavenAirways,Business
1523,BlueSkyAirlines,Business
2858,Express,None
2250,HorizonWings,StandByOnly
1964,BlueSkyAirlines,StandByOnly
2696,SkyHavenAirways,StandByOnly
2190,WingStar,None
1594,SunAirInternational,None
1404,PacificBreezeAirlines,None
2187,HorizonWings,Business
2856,Express,StandByOnly
1260,AeroLink,None
2092,WingStar,Business
1372,UnityAirways,Business
2823,SummitAirlines,StandByOnly
1488,BlueSkyAirlines,StandByOnly
1789,StarJetAirlines,None
2323,OceanAirways,None
1478,SummitAirlines,None
1505,SummitAirlines,None
2653,HorizonWings,None
2095,AirLuxe,Business
1896,SkyHavenAirways,StandByOnly
1807,Airways,Business
2496,CrystalSkyAirways,Business
1097,EvergreenAirlines,StandByOnly
2841,SunAirInternational,Business
2561,Airways,None
2659,OceanAirways,StandByOnly
2688,SummitAirlines,Business
2911,HorizonWings,Business
1620,SunAirInternational,StandByOnly
1320,Airways,None
2955,SkyHavenAirways,StandByOnly
2810,AirWave,StandByOnly
2625,GoldenEagle,None
2911,HorizonWings,Business
2036,UnityAirways,None
1024,HorizonWings,Business
1326,CrystalSkyAirways,None
1121,SilverArrow,None
3008,Express,None
1657,HorizonWings,Business
2547,OceanAirways,None
2927,SummitAirlines,StandByOnly
1760,Express,None
3065,CrystalSkyAirways,StandByOnly
1806,BlueSkyAirlines,None
2431,CrystalSkyAirways,StandByOnly
2595,HorizonWings,StandByOnly
1163,SummitAirlines,StandByOnly
3080,OceanAirways,None
2589,Express,Business
2560,Airways,StandByOnly
2037,SunAirInternational,StandByOnly
3079,SunAirInternational,StandByOnly
1069,PeakAir,Business
1342,AirWave,StandByOnly
1389,OceanAirways,Business
2988,SummitAirlines,None
3051,PacificBreezeAirlines,StandByOnly
2733,UnityAirways,None
1914,CrystalSkyAirways,None
2882,MirageAir,None
1230,OceanAirways,None
1174,BlueSkyAirlines,Business
1647,WingStar,None
2663,SilverArrow,StandByOnly
1168,WingStar,None
1528,MirageAir,Business
1226,WingStar,None
2985,PeakAir,StandByOnly
2043,Express,Business
1372,SkyHavenAirways,None
1932,HorizonWings,Business
1026,AirLuxe,Business
2857,MirageAir,None
2048,AeroLink,None
2590,StarJetAirlines,Business
2957,SwiftWings,Business
2732,Express,StandByOnly
2938,HorizonWings,Business
2163,GoldenEagle,StandByOnly
2178,HorizonWings,StandByOnly
2796,MirageAir,None
2293,HorizonWings,StandByOnly
1701,PeakAir,None
2363,Express,None
1697,AeroLink,StandByOnly
1975,AirLuxe,None
1851,AeroLink,StandByOnly
1542,OceanAirways,StandByOnly
1427,HorizonWings,Business
1071,AirWave,Business
2442,UnityAirways,Business
1513,StarJetAirlines,StandByOnly
2984,SunAirInternational,Business
1365,MirageAir,None
2775,SunAirInternational,Business
1699,BlueSkyAirlines,StandByOnly
2680,SilverArrow,Business
2520,CrystalSkyAirways,None
1207,SkyHavenAirways,None
2406,GoldenEagle,StandByOnly
2922,SkyHavenAirways,StandByOnly
2261,SilverArrow,Business
1477,Express,StandByOnly
1212,WingStar,StandByOnly
2685,MirageAir,StandByOnly
1978,PacificBreezeAirlines,None
1316,WingStar,Business
3019,EvergreenAirlines,None
2455,PeakAir,None
3069,UnityAirways,None
1184,StarJetAirlines,StandByOnly
2139,Express,StandByOnly
2859,WingStar,Business
1646,AeroLink,Business
2470,UnityAirways,StandByOnly
2818,SunAirInternational,StandByOnly
3056,AeroLink,Business
2122,SunAirInternational,StandByOnly
2085,SilverArrow,Business
1121,AirLuxe,Business
2586,WingStar,Business
1795,SunAirInternational,None
1317,PeakAir,Business
1846,AirWave,Business
2152,HorizonWings,Business
2952,HorizonWings,StandByOnly
1574,AirWave,StandByOnly
1366,BlueSkyAirlines,StandByOnly
2679,AeroLink,None
3055,GoldenEagle,None
1524,WingStar,StandByOnly
2418,OceanAirways,None
1830,SkyHavenAirways,StandByOnly
2738,AirWave,StandByOnly
2990,HorizonWings,Business
1237,PacificBreezeAirlines,None
2304,SkyHavenAirways,None
1619,Airways,StandByOnly
2287,HorizonWings,None
1234,OceanAirways,None
1281,CrystalSkyAirways,Business
1407,OceanAirways,None
1253,UnityAirways,StandByOnly
1595,HorizonWings,Business
1828,PeakAir,StandByOnly
2593,AirLuxe,Business
2103,SwiftWings,StandByOnly
1628,SunAirInternational,None
3095,SkyHavenAirways,None
1475,OceanAirways,StandByOnly
2077,Airways,Business
1003,AeroLink,Business
1889,SwiftWings,Business
2624,AirLuxe,Business
1464,BlueSkyAirlines,Business
1169,PacificBreezeAirlines,None
1349,SunAirInternational,StandByOnly
2565,BlueSkyAirlines,StandByOnly
1502,StarJetAirlines,Business
2933,AeroLink,StandByOnly
1535,CrystalSkyAirways,Business
2253,OceanAirways,None
2475,Airways,None
1267,AirLuxe,None
1736,UnityAirways,Business
1370,PacificBreezeAirlines,StandByOnly
1793,SwiftWings,None
1821,MirageAir,None
1916,SilverArrow,StandByOnly
2491,AeroLink,None
2708,EvergreenAirlines,Business
1671,SunAirInternational,StandByOnly
2309,WingStar,None
2507,OceanAirways,None
3031,UnityAirways,Business
1867,MirageAir,StandByOnly
2860,SunAirInternational,None
1009,AirLuxe,StandByOnly
1497,BlueSkyAirlines,Business
2359,UnityAirways,StandByOnly
1302,SummitAirlines,None
1048,HorizonWings,StandByOnly
1572,EvergreenAirlines,Business
2603,AirWave,None
1691,BlueSkyAirlines,Business
1111,Airways,None
1500,SwiftWings,StandByOnly
2253,Airways,None
2709,WingStar,None
2901,AirLuxe,Business
1888,AirLuxe,Business
1466,Express,Business
2203,SummitAirlines,Business
1712,SwiftWings,None
1463,PeakAir,StandByOnly
1627,SwiftWings,None
2021,GoldenEagle,StandByOnly
1782,PacificBreezeAirlines,StandByOnly
3070,GoldenEagle,None
2517,GoldenEagle,None
1157,SummitAirlines,Business
1064,EvergreenAirlines,None
1478,SilverArrow,None
1089,SilverArrow,None
2699,AirWave,StandByOnly
1532,GoldenEagle,Business
1057,GoldenEagle,Business
2688,GoldenEagle,StandByOnly
2784,StarJetAirlines,None
2952,HorizonWings,Business
1483,SilverArrow,Business
1976,Airways,None
1166,EvergreenAirlines,None
1954,OceanAirways,StandByOnly
2079,SilverArrow,None
1749,WingStar,Business
2347,AirLuxe,StandByOnly
2959,SwiftWings,Business
1871,Express,None
2294,SunAirInternational,None
2779,AirWave,None
1481,SummitAirlines,None
2730,HorizonWings,None
1811,CrystalSkyAirways,None
3093,Airways,StandByOnly
2960,SkyHavenAirways,StandByOnly
2067,SwiftWings,Business
1806,CrystalSkyAirways,None
1797,Express,None
1706,SilverArrow,Business
1866,BlueSkyAirlines,Business
2020,EvergreenAirlines,StandByOnly
2970,WingStar,Business
1065,SummitAirlines,Business
1335,BlueSkyAirlines,None
2854,AirWave,StandByOnly
1047,MirageAir,Business
1015,StarJetAirlines,StandByOnly
2690,SummitAirlines,None
3046,AirWave,Business
2770,SkyHavenAirways,None
2301,EvergreenAirlines,None
2939,SwiftWings,Business
2848,AirLuxe,Business
1349,CrystalSkyAirways,None
2111,SkyHavenAirways,None
1873,EvergreenAirlines,StandByOnly
1849,SunAirInternational,StandByOnly
1504,AirWave,None
1882,AirWave,StandByOnly
1738,GoldenEagle,None
2109,WingStar,StandByOnly
2430,AeroLink,None
2769,SunAirInternational,None
2345,MirageAir,Business
2696,SwiftWings,StandByOnly
1685,SilverArrow,Business
2265,HorizonWings,None
2086,BlueSkyAirlines,None
1296,CrystalSkyAirways,StandByOnly
2808,SilverArrow,None
1149,Airways,Business
1572,AirLuxe,Business
1671,AirLuxe,None
1283,PeakAir,StandByOnly
1502,StarJetAirlines,StandByOnly
2745,CrystalSkyAirways,StandByOnly
2101,AirWave,StandByOnly
1511,Express,None
2557,EvergreenAirlines,StandByOnly
2191,SunAirInternational,StandByOnly
1270,Express,None
1859,GoldenEagle,None
1284,Express,None
1153,SkyHavenAirways,StandByOnly
2589,SwiftWings,Business
2469,GoldenEagle,None
2205,SunAirInternational,StandByOnly
1134,AirWave,StandByOnly
1630,UnityAirways,Business
2326,HorizonWings,StandByOnly
1947,Airways,None
1199,OceanAirways,None
1035,AeroLink,StandByOnly
2436,SwiftWings,StandByOnly
1715,GoldenEagle,Business
1025,PeakAir,Business
2507,CrystalSkyAirways,StandByOnly
2361,Airways,StandByOnly
2283,PacificBreezeAirlines,StandByOnly
2096,AirWave,None
2865,StarJetAirlines,Business
1805,SkyHavenAirways,Business
1065,CrystalSkyAirways,Business
1880,BlueSkyAirlines,StandByOnly
2528,SilverArrow,None
2561,OceanAirways,Business
1293,WingStar,Business
2942,GoldenEagle,Business
1531,WingStar,StandByOnly
2886,HorizonWings,StandByOnly
1843,SilverArrow,StandByOnly
1704,SkyHavenAirways,Business
1650,SwiftWings,None
1965,WingStar,None
1450,PeakAir,None
1992,GoldenEagle,None
2666,Airways,StandByOnly
2880,GoldenEagle,StandByOnly
2474,Airways,None
2386,AeroLink,StandByOnly
2804,AirWave,Business
1641,AirLuxe,Business
3070,Airways,None
1192,StarJetAirlines,None
1121,AeroLink,None
2662,AeroLink,None
2400,AirLuxe,Business
2439,AeroLink,None
1996,PeakAir,None
2445,AeroLink,Business
1099,Express,StandByOnly
1505,AirWave,None
1665,SkyHavenAirways,Business
2425,CrystalSkyAirways,Business
1621,PeakAir,None
2632,OceanAirways,None
2768,BlueSkyAirlines,Business
2861,PacificBreezeAirlines,None
2873,GoldenEagle,Business
1151,AirWave,None
2938,SkyHavenAirways,StandByOnly
1248,CrystalSkyAirways,None
2337,AirLuxe,Business
1556,OceanAirways,None
2997,PeakAir,Business
1659,Airways,Business
2355,EvergreenAirlines,None
2666,PeakAir,Business
2983,WingStar,Business
1217,SummitAirlines,Business
2834,StarJetAirlines,Business
1662,AirLuxe,StandByOnly
1798,SilverArrow,Business
1401,UnityAirways,None
2461,SummitAirlines,StandByOnly
1783,SkyHavenAirways,Business
3042,AeroLink,None
1109,AirLuxe,StandByOnly
2291,MirageAir,None
2373,WingStar,None
1270,SkyHavenAirways,Business
2864,PacificBreezeAirlines,Business
1417,OceanAirways,None
2607,SilverArrow,Business
1046,MirageAir,Business
2062,StarJetAirlines,Business
2057,StarJetAirlines,Business
1592,SwiftWings,None
1130,SkyHavenAirways,Business
1919,AeroLink,StandByOnly
2589,Airways,None
2316,AirLuxe,StandByOnly
2100,CrystalSkyAirways,None
1785,AirWave,StandByOnly
1546,AirWave,Business
1023,PeakAir,StandByOnly
2038,Airways,StandByOnly
2413,SunAirInternational,None
2469,AirWave,None
1680,MirageAir,None
1958,CrystalSkyAirways,StandByOnly
2338,SummitAirlines,Business
3032,SunAirInternational,StandByOnly
2129,OceanAirways,None
2970,UnityAirways,Business
1840,GoldenEagle,None
2749,Express,StandByOnly
1322,AirWave,None
2742,UnityAirways,Business
1283,WingStar,None
2299,SilverArrow,None
3050,CrystalSkyAirways,None
2129,EvergreenAirlines,StandByOnly
2551,WingStar,None
2147,MirageAir,StandByOnly
2410,PeakAir,Business
1500,OceanAirways,Business
1311,UnityAirways,None
1240,SwiftWings,StandByOnly
2998,OceanAirways,Business
1432,MirageAir,StandByOnly
2760,CrystalSkyAirways,StandByOnly
1059,AeroLink,Business
1583,SilverArrow,None
1453,Airways,StandByOnly
1963,AirLuxe,Business
2459,CrystalSkyAirways,None
2605,Express,None
1638,AeroLink,None
2397,Airways,StandByOnly
1349,AeroLink,StandByOnly
2448,HorizonWings,StandByOnly
2260,AeroLink,StandByOnly
1592,OceanAirways,None
1766,HorizonWings,Business
2555,WingStar,StandByOnly
3089,SummitAirlines,None
2167,WingStar,None
1245,BlueSkyAirlines,None
1259,WingStar,Business
1451,SwiftWings,Business
1653,HorizonWings,Business
1088,GoldenEagle,Business
1223,Express,None
1369,CrystalSkyAirways,Business
1750,OceanAirways,None
1016,SunAirInternational,Business
2682,BlueSkyAirlines,Business
1182,EvergreenAirlines,None
3067,SummitAirlines,None
1608,SkyHavenAirways,Business
1341,AirLuxe,Business
2672,Airways,None
1345,AirWave,Business
2434,MirageAir,Business
1630,AirWave,Business
1338,Express,None
2021,MirageAir,StandByOnly
1373,StarJetAirlines,Business
2216,AeroLink,StandByOnly
2252,SummitAirlines,StandByOnly
1949,AirWave,StandByOnly
1301,WingStar,Business
2374,AirLuxe,StandByOnly
2049,PacificBreezeAirlines,StandByOnly
1537,UnityAirways,Business
1818,OceanAirways,StandByOnly
1145,PacificBreezeAirlines,None
2550,MirageAir,Business
2855,SummitAirlines,None
2814,PeakAir,None
2783,PeakAir,StandByOnly
1368,MirageAir,StandByOnly
2301,AeroLink,StandByOnly
2714,GoldenEagle,Business
2866,HorizonWings,None
1229,WingStar,Business
2045,PacificBreezeAirlines,Business
2866,Express,Business
1567,PeakAir,Business
2681,GoldenEagle,None
1713,EvergreenAirlines,Business
1696,OceanAirways,Business
1401,Airways,None
2253,SkyHavenAirways,StandByOnly
2584,OceanAirways,StandByOnly
1169,AeroLink,StandByOnly
2446,UnityAirways,Business
2223,HorizonWings,Business
2120,CrystalSkyAirways,None
2492,UnityAirways,StandByOnly
1406,SunAirInternational,StandByOnly
2685,SummitAirlines,StandByOnly
1544,SkyHavenAirways,None
1794,SwiftWings,Business
2077,SilverArrow,StandByOnly
1415,AirWave,StandByOnly
1549,StarJetAirlines,Business
2861,HorizonWings,None
2921,AirWave,StandByOnly
1623,AirWave,Business
1504,CrystalSkyAirways,None
2751,SunAirInternational,None
1025,SwiftWings,None
2375,SkyHavenAirways,StandByOnly
2364,SilverArrow,None
1599,SkyHavenAirways,StandByOnly
2316,HorizonWings,None
1838,PeakAir,StandByOnly
2798,AirLuxe,StandByOnly
2886,MirageAir,None
2350,AirWave,None
1404,SwiftWings,Business
2842,OceanAirways,Business
3062,AeroLink,Business
1709,SilverArrow,Business
1807,SkyHavenAirways,StandByOnly
2215,PacificBreezeAirlines,None
1800,EvergreenAirlines,None
2321,SwiftWings,None
1536,EvergreenAirlines,None
1593,AirLuxe,StandByOnly
3004,PeakAir,None
1325,EvergreenAirlines,Business
2036,HorizonWings,None
1472,AirLuxe,StandByOnly
1242,OceanAirways,None
2976,SilverArrow,None
1699,SkyHavenAirways,None
1427,UnityAirways,None
1321,PacificBreezeAirlines,StandByOnly
2424,GoldenEagle,Business
1867,EvergreenAirlines,StandByOnly
2735,UnityAirways,Business
2765,SwiftWings,None
1020,AirLuxe,StandByOnly
1616,AirWave,Business
2921,HorizonWings,Business
2147,PacificBreezeAirlines,StandByOnly
1415,WingStar,Business
1493,SkyHavenAirways,None
1650,Express,None
1811,MirageAir,Business
1899,HorizonWings,None
2800,AirWave,StandByOnly
1135,UnityAirways,Business
1568,GoldenEagle,StandByOnly
2700,BlueSkyAirlines,Business
1457,StarJetAirlines,Business
1457,SwiftWings,None
1684,MirageAir,StandByOnly
1654,AeroLink,None
1794,SummitAirlines,Business
2113,StarJetAirlines,Business
1814,Express,None
1575,SunAirInternational,StandByOnly
1762,WingStar,None
2520,SwiftWings,StandByOnly
1750,AeroLink,Business
2777,WingStar,None
1766,HorizonWings,Business
1161,GoldenEagle,StandByOnly
1403,SunAirInternational,None
1710,PeakAir,StandByOnly
1377,SunAirInternational,None
1384,SwiftWings,StandByOnly
1737,Airways,None
2058,AirLuxe,StandByOnly
2944,PeakAir,None
1564,SkyHavenAirways,StandByOnly
1610,CrystalSkyAirways,Business
1719,Express,StandByOnly
2801,BlueSkyAirlines,None
2587,Express,None
2161,AeroLink,StandByOnly
2618,AirLuxe,None
2802,Airways,None
1331,SunAirInternational,None
2475,PeakAir,Business
2441,PacificBreezeAirlines,Business
2291,Express,StandByOnly
1591,SunAirInternational,StandByOnly
2155,CrystalSkyAirways,Business
1049,UnityAirways,None
2052,MirageAir,None
1489,SwiftWings,None
1942,SunAirInternational,StandByOnly
1828,AirWave,StandByOnly
2743,SunAirInternational,None
1036,SwiftWings,StandByOnly
2347,Express,Business
1681,EvergreenAirlines,StandByOnly
1381,WingStar,StandByOnly
2414,AirLuxe,Business
2180,SilverArrow,Business
2266,SunAirInternational,StandByOnly
1465,AirWave,StandByOnly
2301,Airways,Business
2720,AirWave,StandByOnly
1348,SwiftWings,Business
1238,HorizonWings,Business
2630,UnityAirways,StandByOnly
2127,Express,None
1535,SkyHavenAirways,Business
1942,UnityAirways,None
1166,AirLuxe,None
2770,SilverArrow,StandByOnly
2730,SilverArrow,StandByOnly
1889,SkyHavenAirways,Business
1422,UnityAirways,None
2329,SummitAirlines,StandByOnly
2012,EvergreenAirlines,Business
1438,EvergreenAirlines,StandByOnly
1555,SunAirInternational,None
2612,SkyHavenAirways,None
2329,UnityAirways,Business
1130,CrystalSkyAirways,StandByOnly
2922,AirWave,Business
2928,SunAirInternational,None
2432,SilverArrow,None
1602,AeroLink,StandByOnly
2862,BlueSkyAirlines,None
2099,PeakAir,None
1649,PacificBreezeAirlines,Business
2515,GoldenEagle,Business
2573,Express,Business
2966,Airways,Business
2211,UnityAirways,None
2218,Airways,None
3030,WingStar,None
1963,SilverArrow,None
2257,SkyHavenAirways,Business
1027,PacificBreezeAirlines,Business
1353,Airways,None
2847,SwiftWings,None
1998,BlueSkyAirlines,StandByOnly
2272,PeakAir,None
1091,BlueSkyAirlines,None
1487,Airways,Business
2928,SilverArrow,StandByOnly
2704,MirageAir,StandByOnly
1201,SilverArrow,StandByOnly
1835,AirWave,Business
2117,PacificBreezeAirlines,Business
1994,EvergreenAirlines,Business
1237,SummitAirlines,StandByOnly
2393,Express,StandByOnly
1934,SummitAirlines,Business
2657,MirageAir,None
1656,SilverArrow,StandByOnly
2454,CrystalSkyAirways,Business
1275,SummitAirlines,StandByOnly
1877,StarJetAirlines,Business
3075,SummitAirlines,None
2756,UnityAirways,Business
1468,StarJetAirlines,Business
1111,OceanAirways,Business
2003,GoldenEagle,StandByOnly
1468,SwiftWings,StandByOnly
2093,SunAirInternational,Business
2889,AirLuxe,None
2847,AirLuxe,StandByOnly
2395,GoldenEagle,Business
2000,Airways,StandByOnly
1094,SunAirInternational,None
2435,AeroLink,Business
2385,PeakAir,Business
2859,OceanAirways,StandByOnly
2336,StarJetAirlines,StandByOnly
2630,AirLuxe,Business
2812,SunAirInternational,None
2347,BlueSkyAirlines,None
1706,WingStar,StandByOnly
2459,AirWave,Business
2416,Airways,Business
2979,GoldenEagle,Business
2488,EvergreenAirlines,Business
1903,UnityAirways,None
1590,SunAirInternational,StandByOnly
2903,PeakAir,Business
2960,Airways,None
1885,PacificBreezeAirlines,StandByOnly
1281,GoldenEagle,Business
1316,PacificBreezeAirlines,StandByOnly
2021,Express,StandByOnly
1281,EvergreenAirlines,StandByOnly
2673,SilverArrow,None
1622,GoldenEagle,None
1621,SilverArrow,StandByOnly
1892,GoldenEagle,StandByOnly
1914,AeroLink,Business
2133,SkyHavenAirways,StandByOnly
2516,CrystalSkyAirways,Business
1118,WingStar,StandByOnly
3015,AirLuxe,Business
1195,SwiftWings,None
1541,AirWave,Business
2706,AeroLink,Business
2750,MirageAir,None
3087,AirLuxe,StandByOnly
1914,MirageAir,StandByOnly
1175,Express,None
1691,SwiftWings,None
2198,AirLuxe,Business
1581,Express,None
1007,UnityAirways,Business
2046,CrystalSkyAirways,StandByOnly
1393,WingStar,StandByOnly
1456,AirWave,Business
3059,SkyHavenAirways,None
2660,OceanAirways,Business
2443,StarJetAirlines,Business
2255,AirLuxe,Business
2242,GoldenEagle,Business
1107,EvergreenAirlines,StandByOnly
1647,OceanAirways,Business
3055,AeroLink,Business
1378,UnityAirways,None
1367,AirWave,StandByOnly
1413,Airways,StandByOnly
2478,Airways,Business
1800,AirWave,Business
1391,AirLuxe,None
2994,SilverArrow,Business
1310,AeroLink,Business
1970,SummitAirlines,StandByOnly
2236,UnityAirways,None
2259,GoldenEagle,None
1758,SilverArrow,Business
1818,SkyHavenAirways,None
2776,OceanAirways,StandByOnly
2578,BlueSkyAirlines,StandByOnly
3053,HorizonWings,StandByOnly
1880,WingStar,Business
1328,SunAirInternational,StandByOnly
3003,SkyHavenAirways,None
1568,CrystalSkyAirways,None
3002,EvergreenAirlines,StandByOnly
2854,StarJetAirlines,None
1358,WingStar,None
1001,EvergreenAirlines,None
2349,PacificBreezeAirlines,Business
2850,EvergreenAirlines,StandByOnly
1718,Express,StandByOnly
1682,EvergreenAirlines,Business
1113,WingStar,None
1103,SunAirInternational,Business
1756,SummitAirlines,None
1238,AirLuxe,StandByOnly
2471,StarJetAirlines,None
1195,SummitAirlines,StandByOnly
2545,OceanAirways,Business
2738,PeakAir,StandByOnly
1173,EvergreenAirlines,None
1369,SunAirInternational,None
2940,CrystalSkyAirways,Business
1078,Airways,None
2973,SkyHavenAirways,StandByOnly
1178,SwiftWings,Business
1022,StarJetAirlines,None
2166,UnityAirways,None
1434,BlueSkyAirlines,None
1258,BlueSkyAirlines,Business
2105,MirageAir,Business
1258,UnityAirways,None
2292,PacificBreezeAirlines,None
2174,MirageAir,None
2743,OceanAirways,StandByOnly
1836,Airways,None
1835,Airways,None
2247,SummitAirlines,None
2385,WingStar,StandByOnly
1016,AirWave,StandByOnly
2703,Airways,StandByOnly
2204,AirLuxe,Business
2882,CrystalSkyAirways,None
2072,PeakAir,None
1178,Express,None
1922,Airways,Business
2642,SunAirInternational,None
2851,BlueSkyAirlines,StandByOnly
2021,Airways,None
2695,PacificBreezeAirlines,StandByOnly
1541,PeakAir,Business
2160,SwiftWings,StandByOnly
2670,MirageAir,None
1620,PacificBreezeAirlines,Business
1265,PacificBreezeAirlines,None
1264,SkyHavenAirways,Business
2819,OceanAirways,None
1561,SilverArrow,StandByOnly
1862,HorizonWings,None
1798,PacificBreezeAirlines,StandByOnly
1712,MirageAir,None
1144,AirWave,StandByOnly
1938,GoldenEagle,StandByOnly
1855,PacificBreezeAirlines,Business
2949,Express,Business
2870,SkyHavenAirways,Business
1928,AirLuxe,StandByOnly
1292,PacificBreezeAirlines,StandByOnly
1408,CrystalSkyAirways,Business
2041,AirLuxe,Business
1368,OceanAirways,None
1955,UnityAirways,None
1109,SwiftWings,None
1786,SkyHavenAirways,Business
1560,PacificBreezeAirlines,Business
1398,PeakAir,None
1184,SummitAirlines,StandByOnly
2959,MirageAir,Business
3073,SkyHavenAirways,StandByOnly
1751,SummitAirlines,Business
2611,BlueSkyAirlines,None
2981,SkyHavenAirways,Business
1805,GoldenEagle,None
1551,AirWave,StandByOnly
1163,GoldenEagle,Business
1577,HorizonWings,None
1425,StarJetAirlines,None
1687,SkyHavenAirways,Business
2797,SkyHavenAirways,None
1330,CrystalSkyAirways,StandByOnly
1373,WingStar,None
1276,OceanAirways,Business
1652,BlueSkyAirlines,Business
1108,HorizonWings,None
2994,HorizonWings,None
2905,StarJetAirlines,Business
1545,SummitAirlines,Business
1018,HorizonWings,None
1876,EvergreenAirlines,None
1194,WingStar,Business
2691,SwiftWings,None
2984,HorizonWings,Business
1484,MirageAir,None
1177,MirageAir,None
2182,MirageAir,StandByOnly
3002,SilverArrow,None
2893,AirLuxe,StandByOnly
2812,HorizonWings,StandByOnly
2999,StarJetAirlines,None
1159,AirWave,Business
2990,Express,None
1840,SkyHavenAirways,Business
2147,AeroLink,StandByOnly
3084,PeakAir,StandByOnly
1660,SilverArrow,Business
1640,SkyHavenAirways,None
1717,PeakAir,StandByOnly
2081,MirageAir,StandByOnly
1799,GoldenEagle,Business
1235,PeakAir,Business
1991,HorizonWings,None
1151,BlueSkyAirlines,Business
3037,Airways,StandByOnly
1434,AirLuxe,StandByOnly
1011,GoldenEagle,StandByOnly
1445,SunAirInternational,StandByOnly
1843,AirLuxe,None
2419,StarJetAirlines,None
1332,AeroLink,None
2176,CrystalSkyAirways,StandByOnly
1090,SwiftWings,None
2937,SkyHavenAirways,StandByOnly
1764,SilverArrow,Business
2289,MirageAir,None
2072,AeroLink,Business
2317,BlueSkyAirlines,None
2622,SwiftWings,Business
2254,UnityAirways,None
1470,SilverArrow,Business
1358,PeakAir,None
1284,Express,StandByOnly
1630,SkyHavenAirways,None
2280,AirLuxe,None
2220,Express,None
2314,Express,None
2031,PacificBreezeAirlines,StandByOnly
1070,AirWave,StandByOnly
2655,SkyHavenAirways,None
2024,SummitAirlines,StandByOnly
2813,WingStar,StandByOnly
1038,SummitAirlines,StandByOnly
2406,PeakAir,None
3087,PacificBreezeAirlines,Business
1222,MirageAir,StandByOnly
1246,Airways,Business
1999,AirWave,StandByOnly
2255,Airways,None
2876,WingStar,None
2543,PacificBreezeAirlines,StandByOnly
1781,StarJetAirlines,Business
1708,Express,Business
1719,SkyHavenAirways,StandByOnly
2872,Airways,None
2720,AirWave,StandByOnly
2759,AeroLink,Business
1487,AirLuxe,StandByOnly
2256,WingStar,None
1093,AirLuxe,None
2549,SkyHavenAirways,Business
1172,Airways,StandByOnly
1602,WingStar,Business
2033,SummitAirlines,StandByOnly
2815,AirLuxe,None
1285,SwiftWings,StandByOnly
1921,SummitAirlines,None
1546,SunAirInternational,StandByOnly
2584,PeakAir,StandByOnly
3040,SunAirInternational,None
2761,AirLuxe,StandByOnly
2361,HorizonWings,StandByOnly
2990,AirLuxe,StandByOnly
2275,Airways,None
2512,AeroLink,Business
